Pasta,Tipo,Arquivo,Texto_Real
Apto_2023-04-22_05-00-33_2023-04-28_05-42-24,Chassi,cropped_422_da4f8a80-24ca-49ef-ba52-05abf028e911.jpg.png,9BD2651JHK9125421
Apto_2023-04-22_05-00-33_2023-04-28_05-42-24,Motor,cropped_422_e3e3c320-cddc-41c9-9c67-896ca534072f.jpg.png,327A0113421213
Apto_2023-04-24_06-45-32_2023-04-24_10-22-03,Chassi,cropped_481_e20e927f-b7cb-4917-a0ec-0bc62c5b1cec.jpg.png,9C2ND1110DR018878
Apto_2023-04-24_06-45-32_2023-04-24_10-22-03,Motor,cropped_481_2bd84f76-b0dd-43f2-8ac7-f7e5a19228ec.jpg.png,ND11E1D018878
Apto_2023-04-24_12-33-33_2023-04-24_13-08-09,Chassi,cropped_553_c9ed6d98-716d-44e9-ae2f-96629e3c08d6.jpg.png,9C2PC42108R500145
Apto_2023-04-24_12-33-33_2023-04-24_13-08-09,Motor,cropped_553_57f26675-5568-43f0-a9ad-0fa02ec6d79b.jpg.png,PC42E8500145
Apto_2023-04-24_13-33-12_2023-04-24_13-54-02,Chassi,cropped_564_b04d8253-8611-4fd3-8e57-402bf79e639d.jpg.png,98ZCLAS01PG003587
Apto_2023-04-25_03-56-20_2023-04-25_04-56-33,Chassi,cropped_567_ed5ccb92-5199-49e2-976d-3d211ddabc22.jpg.png,9BFEXXL38JD69086
Apto_2023-04-25_03-56-20_2023-04-25_04-56-33,Motor,cropped_567_935ea9a9-a2af-469e-b27c-c8adfc5efad2.jpg.png,22904158393
Apto_2023-04-25_06-08-07_2023-04-25_06-53-54,Chassi,cropped_608_6b55104c-0e1a-475f-a52d-d3dcf576eabd.jpg.png,8AJFY22G6D8007663
Apto_2023-04-25_06-08-07_2023-04-25_06-53-54,Motor,cropped_608_cb0a6738-0061-4053-ba98-1710ce62067c.jpg.png,1KDA140567
Apto_2023-04-25_06-58-39_2023-04-25_07-30-10,Chassi,cropped_623_87e32cf0-9a24-4f76-8fc4-79f36f9f91a1.jpg.png,9BWAB41J9D4006591
Apto_2023-04-25_06-58-39_2023-04-25_07-30-10,Motor,cropped_623_f1715f2f-22d5-4476-b9dc-3f4f5596862a.jpg.png,CCRN95621
Apto_2023-04-25_09-47-08_2023-04-26_13-25-55,Chassi,cropped_648_c76d7c5f-ea2f-4ad8-9096-d499810d19a4.jpg.png,9BM345005JB811458
Apto_2023-04-25_09-47-08_2023-04-26_13-25-55,Motor,cropped_648_ae2a5df2-1364-43b3-a669-df71a6e656d0.jpg.png,344919008520487
Apto_2023-04-25_11-08-19_2023-04-25_12-08-01,Chassi,cropped_667_f6953654-9324-4c72-98d0-5e004b8623fd.jpg.png,9BD17122LF7508382
Apto_2023-04-25_11-08-19_2023-04-25_12-08-01,Motor,cropped_667_c131b0f1-1d5f-45e3-b14c-62b29a38dc02.jpg.png,310A10112344971
Apto_2023-04-25_11-37-37_2023-04-26_04-14-02,Chassi,cropped_676_f8cffc5a-5619-4e57-950d-3c26a39917ef.jpg.png,9BG138HU08C436392
Apto_2023-04-25_11-37-37_2023-04-26_04-14-02,Motor,cropped_676_cf4dc6d7-d7a6-4c08-b40b-330a15db4069.jpg.png,N80021738
Apto_2023-04-25_12-26-17_2023-04-26_05-08-34,Chassi,cropped_690_39dc011c-dc00-497f-9708-eb5a1a488ef0.jpg.png,9BWZZZ373WP564123
Apto_2023-04-25_12-26-17_2023-04-26_05-08-34,Motor,cropped_690_6bde30bd-e56b-4500-8d99-57745d03106e.jpg.png,AFZ317430
Apto_2023-04-26_06-12-39_2023-04-26_07-00-00,Chassi,cropped_745_d4ff87ba-0230-46ef-9aed-7fdac769512c.jpg.png,9C2KC2500KR022922
Apto_2023-04-26_06-12-39_2023-04-26_07-00-00,Motor,cropped_745_08611ad2-04ce-453d-adce-e34c399416b6.jpg.png,KC25E0K022935
Apto_2023-04-26_08-40-17_2023-04-26_09-58-28,Chassi,cropped_774_b40decb7-d98d-466e-a231-d53c78838b14.jpg.png,93XJRKB88TACA20894
Apto_2023-04-26_08-40-17_2023-04-26_09-58-28,Motor,cropped_774_e0ddb02a-2eb7-4547-9b55-e2d4fad2ec53.jpg.png,4M41UCAT2776
Apto_2023-04-26_10-35-22_2023-04-26_11-50-57,Chassi,cropped_802_80d52ace-b6e3-4a5e-85b2-c919bf733ee1.jpg.png,9BM979078DS018253
Apto_2023-04-26_10-35-22_2023-04-26_11-50-57,Motor,cropped_802_b92132e1-4eff-419d-9d98-de72f7bcbb23.jpg.png,924990U1078448
Apto_2023-04-26_11-23-48_2023-04-26_12-23-24,Chassi,cropped_816_22f78ab7-53cb-49a0-a90b-8694604d2034.jpg.png,9BD27844PD7647949
Apto_2023-04-26_11-23-48_2023-04-26_12-23-24,Motor,cropped_816_5f5a5f3a-1673-4008-89d8-63c63185c544.jpg.png,370A00112404250
Apto_2023-04-26_12-46-21_2023-04-26_14-12-08,Chassi,cropped_840_31217a47-a771-41b6-a4d6-fe87f5d1a879.jpg.png,9BD15822774912892
Apto_2023-04-26_12-46-21_2023-04-26_14-12-08,Motor,cropped_840_bc13f89c-aea5-4be3-8647-36028ef43874.jpg.png,146E10117304983
Apto_2023-04-26_14-24-34_2023-04-27_03-57-22,Chassi,cropped_846_af07ed7c-beaa-43cd-aaff-20abe1ae689d.jpg.png,8AP17206LB2202640
Apto_2023-04-26_14-24-34_2023-04-27_03-57-22,Motor,cropped_846_42f9f17b-7fce-4b7c-a062-4d5faf3a37c1.jpg.png,310A10110128988
Apto_2023-04-26_14-48-55_2023-04-27_03-55-22,Chassi,cropped_847_417775d8-9aef-4b29-b1a8-ec9e14a8199e.jpg.png,9A91JBJEVDXDF9276
Apto_2023-04-27_04-57-22_2023-04-27_05-43-06,Chassi,cropped_866_ebde44bc-ab84-4c2f-98ae-9210ba570518.jpg.png,9C2KC1680DR313714
Apto_2023-04-27_04-57-22_2023-04-27_05-43-06,Motor,cropped_866_aa038588-f254-41fb-981b-4151c98758c7.jpg.png,KC16E8D313714
Apto_2023-04-27_05-44-12_2023-04-27_06-40-32,Chassi,cropped_886_624a3c8c-d490-48f6-b564-73d73aab731f.jpg.png,8AJBA3CD4H1583103
Apto_2023-04-27_05-44-12_2023-04-27_06-40-32,Motor,cropped_886_7f9e15bb-c5da-4e0d-bce1-7978f626818b.jpg.png,1GD4180572
Apto_2023-04-27_09-54-47_2023-04-27_12-09-47,Chassi,cropped_951_8aec5495-238c-478a-836d-e4fce46af040.jpg.png,9BWN172S17R715536
Apto_2023-04-27_09-54-47_2023-04-27_12-09-47,Motor,cropped_951_0c202833-a3d0-4967-8fca-954a91ce5df5.jpg.png,G1T099340
Apto_2023-04-27_11-18-07_2023-04-27_12-10-47,Chassi,cropped_979_7ab67e57-ac2d-4ddd-b19f-926b46a33a4e.jpg.png,93KP0E0CXBE127828
Apto_2023-04-27_11-18-07_2023-04-27_12-10-47,Motor,cropped_979_2ac4a30e-0d4a-4d59-8922-0046e7feeec8.jpg.png,F1A057931
Apto_2023-04-27_11-55-56_2023-04-27_12-44-06,Chassi,cropped_986_2dbdff17-ce65-4e56-a243-f1f245ee63aa.jpg.png,9BG148MK0PC421454
Apto_2023-04-27_11-55-56_2023-04-27_12-44-06,Motor,cropped_986_4e62c985-c40e-4658-abce-5c968a82d780.jpg.png,LWNF222431101
Apto_2023-04-27_12-58-03_2023-04-27_13-23-37,Chassi,cropped_996_9610c11a-d6fc-4795-8912-fd6e44a3eadb.jpg.png,9BD341A8CJY487532
Apto_2023-04-27_12-58-03_2023-04-27_13-23-37,Motor,cropped_996_5b169268-d7fa-40b4-a75e-1d5c806373c3.jpg.png,552680237090514
Apto_2023-04-28_04-45-51_2023-04-28_06-16-28,Chassi,cropped_1021_a6c51fce-4846-46f1-b436-e3b8f7346b66.jpg.png,9BM386043LB881079
Apto_2023-04-28_04-45-51_2023-04-28_06-16-28,Motor,cropped_1021_c9c59f94-f286-44ed-89cc-fe6a89da4a59.jpg.png,37695510050012
Apto_2023-04-28_06-29-13_2023-05-04_11-16-56,Chassi,cropped_1057_0b8b1a28-c076-44f9-91cb-f87dc60ccfd8.jpg.png,9BD195162C0335136
Apto_2023-04-28_06-29-13_2023-05-04_11-16-56,Motor,cropped_1057_e2031d19-8e5e-48c8-8f38-5c65b7780d55.jpg.png,310A10110835484
Apto_2023-04-28_09-52-53_2023-04-28_10-34-06,Chassi,cropped_1099_06ffe2f2-44b3-4251-96d5-2ac69a2cab0d.jpg.png,9BD341A5XKY581221
Apto_2023-04-28_09-52-53_2023-04-28_10-34-06,Motor,cropped_1099_bb957116-766f-4edf-8cd9-7e66e2845c4a.jpg.png,552720663358420
Apto_2023-04-28_10-35-38_2023-04-28_10-59-37,Chassi,cropped_1111_56edaebd-b3e0-49a6-b4ed-a76e3059e500.jpg.png,8AJHA3CD9K2073177
Apto_2023-04-28_10-35-38_2023-04-28_10-59-37,Motor,cropped_1111_6e1ae0b3-c715-4a66-856c-5e3a45e28cd2.jpg.png,1GD4529771
Apto_2023-04-28_11-01-34_2023-04-28_12-18-56,Chassi,cropped_1116_5c4a4b01-bf5b-415e-8244-9be10cd71e96.jpg.png,93XHNK7407C628172
Apto_2023-04-28_11-01-34_2023-04-28_12-18-56,Motor,cropped_1116_6b8ef3de-aac8-437d-9f21-97c3fa448ffa.jpg.png,4D56CG5676
Apto_2023-04-28_11-13-49_2023-04-28_12-53-10,Chassi,cropped_1122_53600423-64c9-4856-87ef-f8e450661185.jpg.png,9BFYTNYT5YDB62466
Apto_2023-04-28_11-13-49_2023-04-28_12-53-10,Motor,cropped_1122_603f4784-64d3-46d6-bdba-bd3275d69df3.jpg.png,30462664
Apto_2023-04-28_11-38-29_2023-04-28_12-15-55,Chassi,cropped_1127_5f4291e1-da0d-4346-a5fd-8c19dfecc63d.jpg.png,9C2JC4830KR402409
Apto_2023-04-28_11-38-29_2023-04-28_12-15-55,Motor,cropped_1127_2e875024-e1f7-452b-808b-e442f5139bcf.jpg.png,JC48E3K402434
Apto_2023-04-28_12-20-17_2023-04-28_12-57-20,Chassi,cropped_1135_ada532f4-b5f9-4600-ac69-07844e5bb87b.jpg.png,9BWKB05U5BP192627
Apto_2023-04-28_12-20-17_2023-04-28_12-57-20,Motor,cropped_1135_822e52be-c910-406e-90da-7c2aa4f14091.jpg.png,CCRL08099
Apto_2023-04-28_13-19-48_2023-04-28_13-58-17,Chassi,cropped_1141_df01303b-0cef-4f65-a9d6-550137eedbcc.jpg.png,9BD15804AD6848461
Apto_2023-04-28_13-19-48_2023-04-28_13-58-17,Motor,cropped_1141_ff764288-974f-40e9-8410-2e263559e0e7.jpg.png,146E10111564252
Apto_2023-04-29_04-39-35_2023-05-03_03-17-02,Chassi,cropped_1145_ebe73d63-8d37-4dcd-96d5-7f4161a82702.jpg.png,9BSR6X4A0Y3520961
Apto_2023-04-29_04-39-35_2023-05-03_03-17-02,Motor,cropped_1145_21c63886-eff9-4f14-bc0c-6ab8d195e443.jpg.png,8001173
Apto_2023-04-29_05-32-44_2023-04-29_06-13-23,Chassi,cropped_1150_cdf5bf35-b5b3-4553-9056-00f5203ebe26.jpg.png,9BG148FH0DC416145
Apto_2023-04-29_05-32-44_2023-04-29_06-13-23,Motor,cropped_1150_534fe6cd-df98-4814-8186-36bb995a9327.jpg.png,V1A012358
Apto_2023-04-29_06-14-50_2023-05-04_04-18-14,Chassi,cropped_1156_af95c277-6808-4c9a-a236-e8ceb91676bc.jpg.png,00302HI
Apto_2023-04-29_06-40-06_2023-05-19_03-04-56,Chassi,cropped_1157_e9dca605-bdb6-4b2d-8b16-82e3194ab61b.jpg.png,9BVN2B2A0RE641378
Apto_2023-04-29_06-40-06_2023-05-19_03-04-56,Motor,cropped_1157_aa816864-bc4a-4b5d-aaf7-57272e0d5374.jpg.png,TD102FS130835039
Apto_2023-05-02_04-07-56_2023-05-02_13-16-06,Chassi,cropped_1165_4c2e8ff8-1324-467a-8df4-2c9c6ee367c0.jpg.png,V021948
Apto_2023-05-02_04-07-56_2023-05-02_13-16-06,Motor,cropped_1165_f8acb1e5-671b-4ba1-b07c-c214627462cc.jpg.png,02290499613MT1360200
Apto_2023-05-02_09-16-14_2023-05-03_05-23-28,Chassi,cropped_1244_30ef8155-609e-48dd-a11c-9599860bbdcd.jpg.png,9BWCA05X22P018807
Apto_2023-05-02_09-16-14_2023-05-03_05-23-28,Motor,cropped_1244_7434fd61-db73-4533-b80f-4e3bc8a2f38c.jpg.png,AZP020167
Apto_2023-05-02_09-28-18_2023-05-02_11-06-16,Chassi,cropped_1251_5a40590f-5018-49e1-931f-7458d70a26f6.jpg.png,9BGSC19Z02C105467
Apto_2023-05-02_09-28-18_2023-05-02_11-06-16,Motor,cropped_1251_575be538-6491-4d84-8e8d-fb410c7dcab7.jpg.png,NL0069108
Apto_2023-05-02_10-20-37_2023-05-02_11-20-14,Chassi,cropped_1265_d15598b5-a2ac-4504-9f4d-d37ddaeb9c28.jpg.png,9BWCA05YX2T142923
Apto_2023-05-02_10-20-37_2023-05-02_11-20-14,Motor,cropped_1265_b8a010f9-02bb-4667-8861-f3389cb4faab.jpg.png,AFZ726597
Apto_2023-05-02_11-05-49_2023-05-02_12-27-57,Chassi,cropped_1277_6f7ba8d9-c0fb-47df-a75f-de0d998ba485.jpg.png,8AP359A73MU168822
Apto_2023-05-02_11-05-49_2023-05-02_12-27-57,Motor,cropped_1277_47219fd7-8d50-46db-bdb8-63641b327215.jpg.png,552736693800593
Apto_2023-05-02_12-12-13_2023-05-02_12-48-48,Chassi,cropped_1300_7a906b4d-8145-4520-bbc7-86c8f6c67d3b.jpg.png,93XHNK340C221322
Apto_2023-05-02_12-12-13_2023-05-02_12-48-48,Motor,cropped_1300_2d340fc0-3b7f-4056-9a7f-4ed78446b491.jpg.png,MT0003063
Apto_2023-05-02_12-35-04_2023-05-02_13-08-48,Chassi,cropped_1306_81a4b3c0-35a7-4359-9279-ab4681558f62.jpg.png,9BD27804D97166897
Apto_2023-05-02_12-35-04_2023-05-02_13-08-48,Motor,cropped_1306_25659b16-9c07-4ee5-be4d-24de00a84afa.jpg.png,X70509398
Apto_2023-05-03_09-46-19_2023-05-03_11-39-13,Chassi,cropped_1413_0f9608a2-46e6-4bb6-9b90-186e9960a00f.jpg.png,9C2MC35007R047752
Apto_2023-05-03_09-46-19_2023-05-03_11-39-13,Motor,cropped_1413_f7ed9f73-11ac-4643-8259-3c24a551b38c.jpg.png,MC35E7047752
Apto_2023-05-03_10-53-46_2023-05-03_12-00-38,Chassi,cropped_1438_78f2ac6c-6100-4226-b89a-30a1795698c3.jpg.png,93ZM2APH048700030
Apto_2023-05-03_10-53-46_2023-05-03_12-00-38,Motor,cropped_1438_bac138c7-e7ee-49cf-85b8-1231c994314c.jpg.png,821042KA3000834399
Apto_2023-05-04_04-08-02_2023-05-04_09-45-25,Chassi,cropped_1478_94d3d8f5-e774-4587-9e70-3fc334b145d5.jpg.png,943BAS08391003006
Apto_2023-05-04_04-12-12_2023-05-04_05-48-44,Chassi,cropped_1479_d7c938cc-dd55-4b29-a3b9-bdf32d8748c7.jpg.png,9BSR4X2A073607142
Apto_2023-05-04_04-12-12_2023-05-04_05-48-44,Motor,cropped_1479_f5e80f1f-f09f-4e05-bcd8-3bb34fef7971.jpg.png,8088274
Apto_2023-05-04_05-21-55_2023-05-04_09-31-59,Chassi,cropped_1504_541ce99d-5524-41c9-8eaa-a049632c3dcd.jpg.png,8AJBA3CD8H1584206
Apto_2023-05-04_05-21-55_2023-05-04_09-31-59,Motor,cropped_1504_0b5f596f-2de0-449c-992b-b8171fabaf7e.jpg.png,1GD4187702
Apto_2023-05-04_09-23-30_2023-05-04_12-55-46,Chassi,cropped_1549_18ef7d96-8514-4076-8659-26c51feb9b2b.jpg.png,9BWCB21J8Y4002938
Apto_2023-05-04_09-23-30_2023-05-04_12-55-46,Motor,cropped_1549_95c15247-b460-45a6-b63a-f3273490642a.jpg.png,APK002053
Apto_2023-05-04_10-01-39_2023-05-04_12-24-47,Chassi,cropped_1566_36edd723-1823-4646-b652-66f0e054ec65.jpg.png,9BVAN60C36E721597
Apto_2023-05-04_10-01-39_2023-05-04_12-24-47,Motor,cropped_1566_2e7c2656-a228-49ee-b075-71d42e5263c8.jpg.png,D12782043D1E
Apto_2023-05-04_10-54-12_2023-05-04_11-32-30,Chassi,cropped_1580_558a0223-7d12-40d3-81c8-bae7a0668b67.jpg.png,9BD15822786056652
Apto_2023-05-04_10-54-12_2023-05-04_11-32-30,Motor,cropped_1580_ededd81c-6130-48aa-a14c-c825a3cae072.jpg.png,146E10117904711
Apto_2023-05-04_11-35-51_2023-05-04_12-22-30,Chassi,cropped_1595_389dd562-173a-4e7b-a345-e3fcedb19811.jpg.png,9BD15822564686126
Apto_2023-05-04_11-35-51_2023-05-04_12-22-30,Motor,cropped_1595_3bed34c0-27d3-4818-8bf7-f6fad31d83fb.jpg.png,178D90116382344
Apto_2023-05-04_12-46-52_2023-05-04_13-33-50,Chassi,cropped_1607_6d53b9c7-81ab-4617-9d40-e9bd54232ee6.jpg.png,9BFZF55A0E8011583
Apto_2023-05-04_12-46-52_2023-05-04_13-33-50,Motor,cropped_1607_7a245750-3fb9-4fc2-95db-670b3521a543.jpg.png,SM9AE8011583
Apto_2023-05-05_06-32-03_2023-05-05_07-14-50,Chassi,cropped_1644_5fefded0-8e2c-412a-a82e-91c4eb571952.jpg.png,9C2JC4830JR008198
Apto_2023-05-05_06-32-03_2023-05-05_07-14-50,Motor,cropped_1644_857f25a6-c235-4e81-9332-264643b17208.jpg.png,JC48E3J007805
Apto_2023-05-05_09-36-17_2023-05-05_10-20-31,Chassi,cropped_1674_197e391c-c81b-41fa-bf92-a4ee2c60b328.jpg.png,93XPNK7409C953655
Apto_2023-05-05_09-36-17_2023-05-05_10-20-31,Motor,cropped_1674_838670e8-8633-454a-b1ec-5498c763fb0f.jpg.png,4D56CL8802
Apto_2023-05-05_10-12-44_2023-05-05_11-20-11,Chassi,cropped_1686_db2d580e-efb0-4bc0-ac82-3026acd718a1.jpg.png,9BHGC813BJP042756
Apto_2023-05-05_10-12-44_2023-05-05_11-20-11,Motor,cropped_1686_73464544-7905-4aa6-b34a-f3558706bdbb.jpg.png,F4NAHU634940
Apto_2023-05-05_10-24-46_2023-05-08_09-04-55,Chassi,cropped_1693_32bd07cb-5160-49ed-b322-6da0375c1160.jpg.png,98822616CLKC78283
Apto_2023-05-05_10-24-46_2023-05-08_09-04-55,Motor,cropped_1693_af52233d-e59c-4e58-a453-05b8332e3884.jpg.png,552616748809693
Apto_2023-05-05_11-33-29_2023-05-06_06-19-31,Chassi,cropped_1709_900d8f93-ee80-4814-b613-3e711b7cb845.jpg.png,9BVN2B5A0SE650748
Apto_2023-05-05_11-33-29_2023-05-06_06-19-31,Motor,cropped_1709_904fae79-b7ee-485d-acfe-2eb89c6cc321.jpg.png,TD122F135746668
Apto_2023-05-05_11-43-39_2023-05-05_12-17-35,Chassi,cropped_1711_c4747681-e398-4ce3-8a67-ce904a2a573b.jpg.png,9BRBD3HE4K0410150
Apto_2023-05-05_11-43-39_2023-05-05_12-17-35,Motor,cropped_1711_6b95fbb9-0c5e-45d4-8c6b-4535ed71d4c5.jpg.png,M588024
Apto_2023-05-06_06-22-54_2023-05-08_03-05-57,Chassi,cropped_1751_0220cbb5-a73b-4f22-8a1e-24906fbafb4a.jpg.png,9BVAS02D0BE780774
Apto_2023-05-06_06-22-54_2023-05-08_03-05-57,Motor,cropped_1751_4fa347ed-6682-457a-bb28-388554afd8dc.jpg.png,D13848413A1E
Apto_2023-05-08_09-11-31_2023-05-08_09-51-14,Chassi,cropped_1832_4fcc18c1-716c-4a9f-a4ba-ccbfde985cbc.jpg.png,9BG148MH0DC498012
Apto_2023-05-08_09-11-31_2023-05-08_09-51-14,Motor,cropped_1832_527d35db-5a54-47d4-bc02-9be8943e7bf6.jpg.png,V1A062595
Apto_2023-05-08_09-45-06_2023-05-08_12-49-39,Chassi,cropped_1845_e22133ef-ff2c-4b21-b8c1-90b061d84329.jpg.png,93HFA66407Z207312
Apto_2023-05-08_09-45-06_2023-05-08_12-49-39,Motor,cropped_1845_9734b071-2b4a-4704-ad90-6a59cc884bba.jpg.png,R18A67Z207304
Apto_2023-05-08_11-19-43_2023-05-08_12-10-48,Chassi,cropped_1871_4aef7223-0f6a-44b1-b65d-0410cd51f8b7.jpg.png,9BG138BC04C403969
Apto_2023-05-08_11-19-43_2023-05-08_12-10-48,Motor,cropped_1871_46649915-ccca-476e-bbd3-27b354a700b0.jpg.png,40704141418
Apto_2023-05-08_11-50-09_2023-05-09_11-30-41,Chassi,cropped_1883_6469616d-e166-4e91-8e6d-d5d392293ca0.jpg.png,9BFYEALEXDBL44999
Apto_2023-05-08_11-50-09_2023-05-09_11-30-41,Motor,cropped_1883_fda0eed0-78a5-4d10-b3e8-65e428940b1c.jpg.png,36442596
Apto_2023-05-08_12-17-18_2023-05-09_03-22-07,Chassi,cropped_1894_1a657964-e261-4474-9cd9-04c76aad8df1.jpg.png,9BD15844AA6393416
Apto_2023-05-08_12-17-18_2023-05-09_03-22-07,Motor,cropped_1894_91b9b103-c0ec-4011-8c36-57426917f847.jpg.png,146E10119238140
Apto_2023-05-08_13-06-27_2023-05-08_14-03-38,Chassi,cropped_1907_ae425c0c-1406-420a-89a7-18a97a86185a.jpg.png,9BWZZZ30ZSP02348
Apto_2023-05-08_13-06-27_2023-05-08_14-03-38,Motor,cropped_1907_4bf16125-fa1b-4679-881c-4527b371fb4f.jpg.png,1876180
Apto_2023-05-08_13-36-26_2023-05-09_10-01-33,Chassi,cropped_1910_f663ff2b-893b-44da-8ec2-168c919c87ae.jpg.png,8AJFR22G3B4549532
Apto_2023-05-08_13-36-26_2023-05-09_10-01-33,Motor,cropped_1910_cd12d529-5cd1-40db-9e22-fbea2aab3e62.jpg.png,2KD5275004
Apto_2023-05-09_03-27-20_2023-05-09_10-20-28,Chassi,cropped_1912_6ad32fce-822a-4ece-8160-d623af40c7fe.jpg.png,LA7GRS61352
Apto_2023-05-09_03-27-20_2023-05-09_10-20-28,Motor,cropped_1912_17aeaf24-071d-4019-8579-f429d9a9a038.jpg.png,02260461095
Apto_2023-05-09_03-33-09_2023-05-09_10-23-31,Chassi,cropped_1913_2f357170-5194-4430-8c93-7e1baf630e68.jpg.png,JA32L434SSPP03964
Apto_2023-05-09_03-33-09_2023-05-09_10-23-31,Motor,cropped_1913_e75aa4c9-4d6c-4973-a936-d0bfe8d8b283.jpg.png,4D56GQ7170
Apto_2023-05-09_03-49-47_2023-05-09_05-51-08,Chassi,cropped_1914_c9788228-c70b-4d06-8eab-eb5b13ca119f.jpg.png,9BM345008GB724264
Apto_2023-05-09_03-49-47_2023-05-09_05-51-08,Motor,cropped_1914_0c7a0ec7-eadf-424f-873d-de26a35793e5.jpg.png,37937589687424
Apto_2023-05-09_04-01-50_2023-05-09_04-53-50,Chassi,cropped_1915_47fcdf8d-fc65-4378-b99b-95fa0545f8ff.jpg.png,9BFET7131LDB44239
Apto_2023-05-09_04-01-50_2023-05-09_04-53-50,Motor,cropped_1915_45956bf8-5369-4a49-900c-8a8f51a07348.jpg.png,22904255935
Apto_2023-05-09_06-46-14_2023-05-09_07-32-41,Chassi,cropped_1962_189805b5-06f2-473b-a7ed-f11996b851e9.jpg.png,9C2KC2210NR047583
Apto_2023-05-09_06-46-14_2023-05-09_07-32-41,Motor,cropped_1962_9c79fd8f-1994-41da-a0e4-8a6ff35225e6.jpg.png,KC22E1N047431
Apto_2023-05-09_07-02-43_2023-05-09_10-45-43,Chassi,cropped_1966_1679f73c-ae33-4605-9849-e4e92ee7118d.jpg.png,9BG148FK0HC413925
Apto_2023-05-09_07-02-43_2023-05-09_10-45-43,Motor,cropped_1966_f07404bf-7400-45e8-a10c-134a83541e8f.jpg.png,FX4F162091030
Apto_2023-05-10_04-13-30_2023-05-10_05-21-25,Chassi,cropped_2065_5894790d-fef4-4281-ad2d-00c58a575479.jpg.png,93YHSR2LAFJ638992
Apto_2023-05-10_04-13-30_2023-05-10_05-21-25,Motor,cropped_2065_defb9973-9a9c-4f9d-8db1-5f079d8c2ed4.jpg.png,F4RD404C004712
Apto_2023-05-10_05-23-10_2023-05-10_07-28-07,Chassi,cropped_2083_345fb558-a3ed-4610-a457-9c5fd7458270.jpg.png,9BD11812181016285
Apto_2023-05-10_05-23-10_2023-05-10_07-28-07,Motor,cropped_2083_acba8e15-09f8-4c2a-8e37-7e757dba8a0a.jpg.png,310A20117924084
Apto_2023-05-10_06-24-34_2023-05-11_13-35-12,Chassi,cropped_2102_8517e16c-197e-4d97-a16a-058548ea01c6.jpg.png,9BM345413HB762825
Apto_2023-05-10_06-24-34_2023-05-11_13-35-12,Motor,cropped_2102_e7ac1917-2b2d-4e3a-9b94-a1382a26809a.jpg.png,SP0307102
Apto_2023-05-10_09-07-37_2023-05-10_11-33-09,Chassi,cropped_2123_90a795e2-4970-41b3-a0f8-b02e019a5a9c.jpg.png,93ZM2APH048700030
Apto_2023-05-10_09-07-37_2023-05-10_11-33-09,Motor,cropped_2123_66276468-f178-4993-af33-16b435404a25.jpg.png,821042KA3000832303
Apto_2023-05-10_09-12-02_2023-05-11_10-17-57,Chassi,cropped_2124_b8a227ec-f7d1-4ab2-a87e-fc0f302ce9e7.jpg.png,94BG151288V020618
Apto_2023-05-10_09-15-34_2023-05-11_03-28-38,Chassi,cropped_2126_67526120-3ad5-43cf-965e-bd6514b24e78.jpg.png,9AAG12630PC011798
Apto_2023-05-10_11-09-49_2023-05-11_10-09-15,Chassi,cropped_2156_0acfe4ab-700f-4fee-b87c-f0827c3ba89a.jpg.png,9A9B85030H2DF5077
Apto_2023-05-10_11-14-09_2023-05-11_10-07-42,Chassi,cropped_2158_b30a79ee-23fd-4f6b-9eba-7aaf794bfc2f.jpg.png,9A9S3CBS1H1AH8014
Apto_2023-05-10_11-35-44_2023-05-10_12-04-07,Chassi,cropped_2165_44d48f49-6719-48e4-a4e2-90f544d2a3ac.jpg.png,9BD17307MC4367138
Apto_2023-05-10_11-35-44_2023-05-10_12-04-07,Motor,cropped_2165_2260add8-e265-43d5-a4d6-30b32c3aca28.jpg.png,310A20110559909
Apto_2023-05-10_12-47-42_2023-05-10_13-21-14,Chassi,cropped_2176_f5e11a52-4ffd-468a-aa76-b2fdf1c5b475.jpg.png,9C2HC1420DR031570
Apto_2023-05-10_12-47-42_2023-05-10_13-21-14,Motor,cropped_2176_b701e129-b613-41ef-9e5d-babe675acf46.jpg.png,HC14E2D031570
Apto_2023-05-10_12-55-13_2023-05-11_03-22-33,Chassi,cropped_2179_3e0e1358-1f24-4640-9607-83628127b791.jpg.png,9EP021120G1000457
Apto_2023-05-10_13-05-55_2023-05-11_03-23-43,Chassi,cropped_2182_c61370a2-8334-4f90-80ea-c2cbeb4389cd.jpg.png,9EP021120G1000456
Apto_2023-05-11_04-24-51_2023-05-11_05-19-53,Chassi,cropped_2201_1ce33468-ceb8-488b-bd31-237b952bc570.jpg.png,9BD17122LE5937562
Apto_2023-05-11_04-24-51_2023-05-11_05-19-53,Motor,cropped_2201_bf2ccabf-4929-44fc-8492-103b93ab7e5a.jpg.png,310A10112034923
Apto_2023-05-11_04-50-25_2023-05-11_05-16-22,Chassi,cropped_2211_fe354a81-65f8-4f6c-8f38-f080ab4fdad6.jpg.png,9BGSU19F0BB133448
Apto_2023-05-11_04-50-25_2023-05-11_05-16-22,Motor,cropped_2211_5161dc2c-48cb-466d-91d7-e234e34c96d8.jpg.png,NAA027296
Apto_2023-05-11_05-31-25_2023-05-11_06-19-26,Chassi,cropped_2223_58963f2a-23ed-477c-8e62-2f3f4b4015f3.jpg.png,93XLNKB8TJCH31779
Apto_2023-05-11_05-31-25_2023-05-11_06-19-26,Motor,cropped_2223_9d66a9f9-33c9-4aa2-bc35-484571fcf720.jpg.png,4M41UCBH1851
Apto_2023-05-11_11-09-07_2023-05-11_13-21-49,Chassi,cropped_2287_36842220-9c1a-486f-b5fc-39a446efd881.jpg.png,9BM958094DB925946
Apto_2023-05-11_11-09-07_2023-05-11_13-21-49,Motor,cropped_2287_d0c414b4-4294-47e2-81ef-8abdaf2ab97e.jpg.png,926991U1073730
Apto_2023-05-12_04-20-58_2023-05-12_06-51-16,Chassi,cropped_2328_cd99575c-fee0-48a7-b2d9-f5b223cafb5e.jpg.png,9BD15802AA6373452
Apto_2023-05-12_04-20-58_2023-05-12_06-51-16,Motor,cropped_2328_274b322f-d005-4a74-9522-f14f8c38331a.jpg.png,146E10119156388
Apto_2023-05-12_09-15-19_2023-05-12_10-03-46,Chassi,cropped_2390_4994d1bb-52af-45d7-a8fb-f41a227f4c25.jpg.png,9BFZZZ55ZSB933723
Apto_2023-05-12_09-15-19_2023-05-12_10-03-46,Motor,cropped_2390_d0c5e2f1-0ae3-4a72-8739-2ae0bbf91a9a.jpg.png,UNA025427
Apto_2023-05-12_10-04-12_2023-05-12_10-56-41,Chassi,cropped_2401_9124d3af-ed96-43e1-8f66-1825dde387fd.jpg.png,9BD281B41NYW74142
Apto_2023-05-12_10-04-12_2023-05-12_10-56-41,Motor,cropped_2401_9ac6530e-2541-45b4-9d6a-423ad7e41d47.jpg.png,552681768001086
Apto_2023-05-12_11-16-53_2023-05-12_12-23-38,Chassi,cropped_2419_632fe854-6160-4ff0-9667-8a5c617866fb.jpg.png,9APB08530VP000095
Apto_2023-05-16_04-02-23_2023-05-16_04-47-19,Chassi,cropped_2566_a6a50875-d664-4b12-8ac1-7600c7d05a3c.jpg.png,9BRBL3HE1J0105013
Apto_2023-05-16_04-02-23_2023-05-16_04-47-19,Motor,cropped_2566_48b920fa-1b4c-4238-802a-9e064e3debb9.jpg.png,M457743
Apto_2023-05-16_04-51-04_2023-05-16_09-55-25,Chassi,cropped_2573_e00e50e3-6058-4f1b-96da-7930f478d50e.jpg.png,WV1DB42H7KA029827
Apto_2023-05-16_04-51-04_2023-05-16_09-55-25,Motor,cropped_2573_c3140b01-af5a-49a4-908e-746d83db1c86.jpg.png,CSH227351
Apto_2023-05-16_06-08-52_2023-05-16_10-01-06,Chassi,cropped_2594_e77da87d-74f8-4b60-891c-6eac96897ead.jpg.png,9BGJC69Z0FB103924
Apto_2023-05-16_06-08-52_2023-05-16_10-01-06,Motor,cropped_2594_2f405ba1-e8e9-4af6-8f9e-242b9a31ac43.jpg.png,CM8073062
Apto_2023-05-16_06-57-31_2023-05-16_13-17-36,Chassi,cropped_2606_0f734f5c-ee85-4aec-97be-20d0e4910f83.jpg.png,8AJFY29G8D8542130
Apto_2023-05-16_06-57-31_2023-05-16_13-17-36,Motor,cropped_2606_3da776c4-1af5-4d9b-9805-ff691a2a10e4.jpg.png,1KDA254389
Apto_2023-05-16_07-06-21_2023-05-16_11-05-55,Chassi,cropped_2609_2e40de0e-951a-4694-bb43-e9098bce670e.jpg.png,9BRBB48E5A5109352
Apto_2023-05-16_07-06-21_2023-05-16_11-05-55,Motor,cropped_2609_983a8448-1c4e-452c-bdec-9f0314c9561a.jpg.png,4944103
Apto_2023-05-16_10-09-52_2023-05-17_05-26-02,Chassi,cropped_2642_0af0a056-6696-4f62-80e7-71e6690a53a9.jpg.png,9BWLB05U2CP022554
Apto_2023-05-16_10-09-52_2023-05-17_05-26-02,Motor,cropped_2642_532daa7a-062c-43b2-84b3-ad9801463067.jpg.png,CCR490659
Apto_2023-05-16_11-17-33_2023-05-17_05-14-10,Chassi,cropped_2660_5aa09daf-3b9a-4a35-933a-f73e7474c383.jpg.png,9BRB33BE5P2130485
Apto_2023-05-16_11-17-33_2023-05-17_05-14-10,Motor,cropped_2660_722f266e-1f5a-41cf-8a02-e0054d142c2d.jpg.png,AC05361
Apto_2023-05-17_06-09-57_2023-05-17_09-34-19,Chassi,cropped_2735_9ad0194e-3320-448f-b4d7-07fb11ce2875.jpg.png,8AWZZZ9ZZ1A615281
Apto_2023-05-17_06-09-57_2023-05-17_09-34-19,Motor,cropped_2735_a7a5ef14-64ed-4817-b2e9-4408c8724ea4.jpg.png,AKL902350
Apto_2023-05-17_11-34-44_2023-05-17_13-37-08,Chassi,cropped_2800_1b224ae6-3fbe-47b3-9572-8b0d45bc3863.jpg.png,9BFLF47PXFB002542
Apto_2023-05-17_11-34-44_2023-05-17_13-37-08,Motor,cropped_2800_faeeb641-73dc-4c47-bfce-bae077d8b0fa.jpg.png,89644049
Apto_2023-05-18_04-53-11_2023-05-18_06-32-27,Chassi,cropped_2827_70d01057-494d-449a-b88d-59d3dd85193f.jpg.png,9BD27803M97166922
Apto_2023-05-18_04-53-11_2023-05-18_06-32-27,Motor,cropped_2827_6e0571db-2549-487c-909c-e7030239e65b.jpg.png,310A20118877127
Apto_2023-05-18_06-53-54_2023-05-18_07-25-07,Chassi,cropped_2854_fa61a88f-90eb-40d1-8846-ff01d365c61c.jpg.png,9C2ND07006R004866
Apto_2023-05-18_06-53-54_2023-05-18_07-25-07,Motor,cropped_2854_8f245c76-f494-461f-8bab-ff08a7dea375.jpg.png,ND07E6004866
Apto_2023-05-18_09-21-12_2023-05-18_10-06-08,Chassi,cropped_2869_a8a14074-4008-4aea-803c-dd12a42bf535.jpg.png,9BD15822544496900
Apto_2023-05-18_09-21-12_2023-05-18_10-06-08,Motor,cropped_2869_7847f0b6-ca62-44bf-bf43-bfdb9cc7f896.jpg.png,178D90115783088
Apto_2023-05-19_04-19-23_2023-05-19_10-24-24,Chassi,cropped_2933_899c6c3f-b5ee-4127-87cc-5b59cd8ee556.jpg.png,9ADB0902CDM362472
Apto_2023-05-19_04-31-29_2023-05-19_06-49-14,Chassi,cropped_2935_fee223a9-2800-4b51-a601-8ca61965b86d.jpg.png,9BRBDWHE5G0289105
Apto_2023-05-19_04-31-29_2023-05-19_06-49-14,Motor,cropped_2935_91535bfe-9aa0-42c2-b4b7-0fb01ac9fece.jpg.png,M340466
Apto_2023-05-19_09-57-13_2023-05-19_12-53-51,Chassi,cropped_3021_da055de9-9709-4db5-9aa9-9ba85d236115.jpg.png,9BWCA01J814069407
Apto_2023-05-19_09-57-13_2023-05-19_12-53-51,Motor,cropped_3021_f6a5e0e8-6fb0-4979-811b-0b0abe80d80f.jpg.png,BAH007722
Apto_2023-05-19_11-10-16_2023-05-19_12-47-43,Chassi,cropped_3042_00562cf1-2433-4fe8-9053-aa76a0a49cda.jpg.png,9BGJK69RSRB006721
Apto_2023-05-19_11-10-16_2023-05-19_12-47-43,Motor,cropped_3042_a534d7ea-665d-4067-842e-3af88e3aed60.jpg.png,B20NZ31099531
Apto_2023-05-20_06-39-02_2023-05-20_07-40-32,Chassi,cropped_3084_11434913-e16e-40ac-9df0-250980c2fd07.jpg.png,9BVAG30D0EE823447
Apto_2023-05-20_06-39-02_2023-05-20_07-40-32,Motor,cropped_3084_8cacf987-2a15-48e3-b659-0feb5407bf7c.jpg.png,D13887786C1E
Apto_2023-05-22_04-21-02_2023-05-22_05-22-05,Chassi,cropped_3094_39f23c20-2907-4cfe-aab3-2b22140039cc.jpg.png,93XSYKL1TKCJ12886
Apto_2023-05-22_04-21-02_2023-05-22_05-22-05,Motor,cropped_3094_e850a508-d74c-46f3-8c61-6e32bd32d987.jpg.png,4N15BAB3119
Apto_2023-05-22_04-28-14_2023-05-22_06-53-12,Chassi,cropped_3098_5f69aab2-84c9-44db-9a38-b0a21012e8e6.jpg.png,93ZS2MSH0B8809473
Apto_2023-05-22_04-28-14_2023-05-22_06-53-12,Motor,cropped_3098_bb69546c-e7c1-44e6-ba97-8b5b36687528.jpg.png,F3BE06815022962
Apto_2023-05-22_06-01-05_2023-05-22_09-28-11,Chassi,cropped_3138_740cc4f3-71e4-4308-bcfc-1ec6f16256bc.jpg.png,93YHSR3H5KJ757194
Apto_2023-05-22_06-01-05_2023-05-22_09-28-11,Motor,cropped_3138_e17be183-ff61-4d42-8f07-c92e10b1582b.jpg.png,H4MF735Q044381
Apto_2023-05-22_09-29-43_2023-05-22_10-25-03,Chassi,cropped_3170_e5c984d5-c2b0-4b46-bd20-49595ff23cb7.jpg.png,9BG148MH0DC473278
Apto_2023-05-22_09-29-43_2023-05-22_10-25-03,Motor,cropped_3170_f8ff27fa-42f3-4ff8-b840-3d3af5464371.jpg.png,V1A047373
Apto_2023-05-22_11-01-25_2023-05-22_12-27-43,Chassi,cropped_3203_13c9bd0d-d4f3-4ad9-b05f-550793eddcc7.jpg.png,9BWAB01J694025180
Apto_2023-05-22_11-01-25_2023-05-22_12-27-43,Motor,cropped_3203_96d0b710-e196-4169-b9fb-5021ad6c9136.jpg.png,CCR103385
Apto_2023-05-22_11-24-39_2023-05-22_12-36-14,Chassi,cropped_3210_f122aa62-4948-4e11-a72a-bab535fdef63.jpg.png,98822617CLKC86755
Apto_2023-05-22_11-24-39_2023-05-22_12-36-14,Motor,cropped_3210_30179759-2849-411d-8569-dfe4543e1ab2.jpg.png,552616748839573
Apto_2023-05-22_12-28-20_2023-06-02_07-42-15,Chassi,cropped_3232_a4ca641b-6868-46ab-a633-40028ed152b2.jpg.png,9C2PC4820JR000658
Apto_2023-05-22_12-28-20_2023-06-02_07-42-15,Motor,cropped_3232_46e0dc40-688c-4164-b44b-1a7be6a3ac0b.jpg.png,PC48E2J000658
Apto_2023-05-23_05-30-27_2023-05-23_14-18-06,Chassi,cropped_3266_6c0196b2-955e-4d36-968d-29370ea35c19.jpg.png,9BM345413HB762825
Apto_2023-05-23_05-30-27_2023-05-23_14-18-06,Motor,cropped_3266_afb9f228-6553-437f-96b6-1938199a86a8.jpg.png,SP0307102
Apto_2023-05-23_06-51-22_2023-05-23_09-28-05,Chassi,cropped_3288_0ed29027-8aef-4d71-ace6-894b3ac3e76e.jpg.png,9BGCA8030LB208735
Apto_2023-05-23_06-51-22_2023-05-23_09-28-05,Motor,cropped_3288_18d08a19-5df1-4ced-9c0c-293b85feb960.jpg.png,GK8057084
Apto_2023-05-23_09-15-55_2023-05-23_10-25-30,Chassi,cropped_3303_1a66193e-48d1-419e-af47-5d5c3465061b.jpg.png,9C2JC7000MR027723
Apto_2023-05-23_09-15-55_2023-05-23_10-25-30,Motor,cropped_3303_54e891c1-c5e6-42d8-960b-8ce6a0fca395.jpg.png,JC70E0M027781
Apto_2023-05-23_09-26-39_2023-05-23_12-03-59,Chassi,cropped_3306_10af656e-c0c8-4672-851c-774e06c83725.jpg.png,9BW2M82T95R536876
Apto_2023-05-23_09-26-39_2023-05-23_12-03-59,Motor,cropped_3306_89d6dc79-92cb-49ae-8be3-230e2699fb9c.jpg.png,30553873
Apto_2023-05-23_12-04-05_2023-05-23_13-04-20,Chassi,cropped_3344_2c6504d2-b8cd-4a70-b97b-c5a8eab5d126.jpg.png,93YHJD204MJ635453
Apto_2023-05-23_12-04-05_2023-05-23_13-04-20,Motor,cropped_3344_e565fadc-3076-4b48-9ad2-86752c71cab7.jpg.png,H4MG736Q120425
Apto_2023-05-23_12-53-32_2023-05-23_13-33-14,Chassi,cropped_3356_9dc6690d-54e0-4138-9771-af34644ed96d.jpg.png,9BD17164LC5766129
Apto_2023-05-23_12-53-32_2023-05-23_13-33-14,Motor,cropped_3356_c166feef-9009-43f1-904b-d3edd318126d.jpg.png,310A10110344431
Apto_2023-05-24_04-12-07_2023-05-24_06-06-51,Chassi,cropped_3370_8e7128ed-1d4f-4676-9fd2-73d5794b1e48.jpg.png,9BVAS02C28E742222
Apto_2023-05-24_04-12-07_2023-05-24_06-06-51,Motor,cropped_3370_aa10162a-4f6c-4222-8d12-7305b162a43a.jpg.png,D13812235A1E
Apto_2023-05-24_04-27-36_2023-05-24_10-51-07,Chassi,cropped_3374_6a6acddb-2334-410c-9292-991c814dfb70.jpg.png,9APB08820KP000101
Apto_2023-05-24_05-05-41_2023-05-24_06-10-42,Chassi,cropped_3384_d44105c8-31b8-4bdf-bf15-88229fc90d94.jpg.png,8AP372171D6035549
Apto_2023-05-24_05-05-41_2023-05-24_06-10-42,Motor,cropped_3384_e9077a8e-1c5a-40f6-9fb5-381f6fc8a94a.jpg.png,310A20110780123
Apto_2023-05-24_09-49-26_2023-05-24_10-21-25,Chassi,cropped_3424_7a591224-6661-4563-831e-61c066d1c84d.jpg.png,9C2HA070WWR016950
Apto_2023-05-24_09-49-26_2023-05-24_10-21-25,Motor,cropped_3424_d282e8b8-73c6-48b6-8928-a4707db0ad35.jpg.png,HA07EW016950
Apto_2023-05-24_10-22-02_2023-05-24_11-09-53,Chassi,cropped_3433_882c8fb0-9277-4d34-94c2-8dca434303fe.jpg.png,8AJZX62G9F5011329
Apto_2023-05-24_10-22-02_2023-05-24_11-09-53,Motor,cropped_3433_f507bd86-19db-4766-ad23-df6def786a38.jpg.png,2TR8843344
Apto_2023-05-24_10-56-24_2023-05-24_12-39-51,Chassi,cropped_3443_b36ad09c-3301-41ea-8342-2c783a697c47.jpg.png,9BG443NARRC032874
Apto_2023-05-24_10-56-24_2023-05-24_12-39-51,Motor,cropped_3443_fb604299-5106-4d4d-a515-e06f0162683e.jpg.png,SB8885B504171Z
Apto_2023-05-24_11-45-06_2023-05-24_12-07-49,Chassi,cropped_3457_061a315b-4fcc-44b4-9ee7-ad594670c6f2.jpg.png,9BWAB01J6A4012515
Apto_2023-05-24_11-45-06_2023-05-24_12-07-49,Motor,cropped_3457_435eef56-64cd-412f-84e4-b063e8fb5827.jpg.png,CCR815345
Apto_2023-05-24_12-13-37_2023-05-24_12-52-00,Chassi,cropped_3462_4db75670-5c00-4a99-8fbf-ef7baac9f5d0.jpg.png,9BW5B82U16R623975
Apto_2023-05-24_12-13-37_2023-05-24_12-52-00,Motor,cropped_3462_3bc317f5-9407-4db8-ba67-b73b517b2091.jpg.png,F1A007423
Apto_2023-05-24_12-51-41_2023-05-24_14-05-33,Chassi,cropped_3474_b9263950-c8e1-4966-88d3-4400907b5804.jpg.png,94BG147244R001441
Apto_2023-05-25_03-55-41_2023-05-25_09-49-50,Chassi,cropped_3487_ba8dabd4-db61-4bf4-b3f3-369c7a89ecef.jpg.png,9BVN0A1A0EE604920
Apto_2023-05-25_03-55-41_2023-05-25_09-49-50,Motor,cropped_3487_f4269dbe-c0a0-44ba-b7d7-a4f7b9214f64.jpg.png,TD101G113501591
Apto_2023-05-25_05-24-17_2023-05-25_09-44-35,Chassi,cropped_3515_4613ef51-3a6c-4247-b255-419b9ade050c.jpg.png,94BL0262LLR005219
Apto_2023-05-25_06-32-32_2023-05-25_09-33-27,Chassi,cropped_3528_0f4a83c8-4dfe-43b5-9dd2-d0773c0195cf.jpg.png,9BFFF25LXYD027188
Apto_2023-05-25_06-32-32_2023-05-25_09-33-27,Motor,cropped_3528_f941fa55-21c6-4967-a53f-2498a55fc597.jpg.png,00000362145
Apto_2023-05-25_07-32-41_2023-05-25_10-22-07,Chassi,cropped_3538_8e4cd15f-b954-4852-9ff9-34958deecedc.jpg.png,34504512664274
Apto_2023-05-25_07-32-41_2023-05-25_10-22-07,Motor,cropped_3538_23c01041-e37e-4066-ae7c-327dc56106de.jpg.png,34591510071938
Apto_2023-05-25_10-02-32_2023-05-26_03-17-42,Chassi,cropped_3561_9fdd1a49-e16b-421c-9c67-f941da7e85f1.jpg.png,93ZE2HMH0D8923537
Apto_2023-05-25_10-02-32_2023-05-26_03-17-42,Motor,cropped_3561_95883cbc-92ab-4138-99ee-a3294249a6f6.jpg.png,F4AEE681F6061844
Apto_2023-05-25_10-36-52_2023-05-25_12-06-25,Chassi,cropped_3570_d2def2a4-0c24-442e-9893-e85cd1143363.jpg.png,9BHBG51DAEP152971
Apto_2023-05-25_10-36-52_2023-05-25_12-06-25,Motor,cropped_3570_63a7de4f-40d2-466f-a681-22bf954c88dc.jpg.png,F4FADU099479
Apto_2023-05-26_04-44-18_2023-05-26_05-49-49,Chassi,cropped_3619_48dda703-6645-4d81-92f9-8e7f5737f5bd.jpg.png,9ADB0902CDM362472
Apto_2023-05-26_12-20-37_2023-05-29_06-13-19,Chassi,cropped_3726_86d58ba2-7221-4fd3-a923-1bfd44fbf0fa.jpg.png,9ADB0902CDM362472
Apto_2023-05-26_12-44-51_2023-05-26_13-49-40,Chassi,cropped_3731_6f5ff13a-d461-4c82-a8be-02f5cf1a6f0c.jpg.png,30830212009136
Apto_2023-05-26_12-44-51_2023-05-26_13-49-40,Motor,cropped_3731_5a604f9b-f355-4c97-91e7-6601f9bbbdba.jpg.png,34393210009333
Apto_2023-05-26_13-04-03_2023-05-26_13-42-01,Chassi,cropped_3737_73520181-4d8a-4642-bbf1-7870005aa36e.jpg.png,98861110XJK163295
Apto_2023-05-26_13-04-03_2023-05-26_13-42-01,Motor,cropped_3737_cd47c7f0-cf40-4389-8f74-3784b04f6566.jpg.png,552771353257909
Apto_2023-05-29_03-46-52_2023-05-29_05-17-11,Chassi,cropped_3769_b044a697-1c88-462c-9dc7-27f8a32733f9.jpg.png,9BD17141322113028
Apto_2023-05-29_03-46-52_2023-05-29_05-17-11,Motor,cropped_3769_fae4431e-230a-438d-9074-0bdf82a789ab.jpg.png,5182961
Apto_2023-05-29_06-24-57_2023-05-29_06-51-59,Chassi,cropped_3802_6b8cb7af-5e26-44cc-bbcb-fdb78caaeb7f.jpg.png,9BD37417DH5095479
Apto_2023-05-29_06-24-57_2023-05-29_06-51-59,Motor,cropped_3802_1006b491-4d5f-46ab-98a6-a522bd98f049.jpg.png,370A00113077557
Apto_2023-05-29_09-49-15_2023-05-29_10-24-49,Chassi,cropped_3845_0ed7fffd-6406-4077-80ec-850a8e00ce25.jpg.png,8AJBA3CD2H1590549
Apto_2023-05-29_09-49-15_2023-05-29_10-24-49,Motor,cropped_3845_bf95731a-fdc8-430b-bf89-4f9d291f98f4.jpg.png,1GDG015495
Apto_2023-05-29_09-53-36_2023-05-29_11-51-35,Chassi,cropped_3846_c4eeab1a-533f-4eb4-9f75-2f6639e88aaa.jpg.png,9BFZZZ4ZSB721130
Apto_2023-05-29_09-53-36_2023-05-29_11-51-35,Motor,cropped_3846_19cadca0-c44a-4a3f-b984-6617a756d69e.jpg.png,USG065328
Apto_2023-05-29_11-34-00_2023-05-29_12-09-17,Chassi,cropped_3872_a420c8ec-c7a2-4090-8f70-edbbcc2eedc6.jpg.png,9BHBG41DAGP623974
Apto_2023-05-29_11-34-00_2023-05-29_12-09-17,Motor,cropped_3872_02f401e7-f62f-4676-a293-80dce3bc7a65.jpg.png,F4FAGU144717
Apto_2023-05-30_04-27-06_2023-05-30_06-56-56,Chassi,cropped_3915_e83c88e8-da8b-4b02-b5f7-97e7222bffbd.jpg.png,9BRK3AAG0R0095957
Apto_2023-05-30_04-27-06_2023-05-30_06-56-56,Motor,cropped_3915_b4f1b383-ab1a-47b6-b1b7-0dcbfd54a699.jpg.png,AC53961
