File_Name,Extracted_Characters,Raw_Response,Status,Error,Seconds,Truncated
Apto_2023-04-22_05-00-33_2023-04-28_05-42-24/000_Chassi_422_da4f8a80-24ca-49ef-ba52-05abf028e911.png,2360265JVX912542K,"2
360265, |JV
X9 12542k",OK,,2.184,False
Apto_2023-04-22_05-00-33_2023-04-28_05-42-24/000_Motor_422_e3e3c320-cddc-41c9-9c67-896ca534072f.png,ZAOII13421213,"ZAOii
13421213",OK,,0.117,False
Apto_2023-04-24_06-45-32_2023-04-24_10-22-03/000_Chassi_481_e20e927f-b7cb-4917-a0ec-0bc62c5b1cec.png,4139ZNBLIDRO1ER7,413 9 ZNBL | IDro1er7?,OK,,0.225,False
Apto_2023-04-24_06-45-32_2023-04-24_10-22-03/000_Motor_481_2bd84f76-b0dd-43f2-8ac7-f7e5a19228ec.png,NTNUN837,"NTn 
Un) !837,",OK,,0.155,False
Apto_2023-04-24_12-33-33_2023-04-24_13-08-09/000_Chassi_553_c9ed6d98-716d-44e9-ae2f-96629e3c08d6.png,9C2PC42I0SR5001QS,9C2pc42i0 SR5001qs,OK,,0.267,False
Apto_2023-04-24_12-33-33_2023-04-24_13-08-09/000_Motor_553_57f26675-5568-43f0-a9ad-0fa02ec6d79b.png,PCH2E8500145,"PCH2E
8500145",OK,,0.156,False
Apto_2023-04-24_13-33-12_2023-04-24_13-54-02/000_Chassi_564_b04d8253-8611-4fd3-8e57-402bf79e639d.png,987CLASO1PG903587,987CLASO1PG903587,OK,,0.341,False
Apto_2023-04-25_03-56-20_2023-04-25_04-56-33/000_Chassi_567_ed5ccb92-5199-49e2-976d-3d211ddabc22.png,BFEXXL38J0B69086,BFEXXL38J0b69086,OK,,0.285,False
Apto_2023-04-25_03-56-20_2023-04-25_04-56-33/000_Motor_567_935ea9a9-a2af-469e-b27c-c8adfc5efad2.png,490715439,"49.07,15 439",OK,,0.121,False
Apto_2023-04-25_06-08-07_2023-04-25_06-53-54/000_Chassi_608_6b55104c-0e1a-475f-a52d-d3dcf576eabd.png,N8AJFY22G6D8007663,"N
8AJFY22G6D8007663~",OK,,0.896,False
Apto_2023-04-25_06-08-07_2023-04-25_06-53-54/000_Motor_608_cb0a6738-0061-4053-ba98-1710ce62067c.png,12,"1
2",OK,,0.56,False
Apto_2023-04-25_06-58-39_2023-04-25_07-30-10/000_Chassi_623_87e32cf0-9a24-4f76-8fc4-79f36f9f91a1.png,9BMABL1J904006591,9BMABL 1 J904006591=,OK,,0.223,False
Apto_2023-04-25_06-58-39_2023-04-25_07-30-10/000_Motor_623_f1715f2f-22d5-4476-b9dc-3f4f5596862a.png,,,NOT_FOUND,,0.059,False
Apto_2023-04-25_09-47-08_2023-04-26_13-25-55/000_Chassi_648_c76d7c5f-ea2f-4ad8-9096-d499810d19a4.png,98M35005JB811258,98M3/5005 JB8 11258,OK,,0.268,False
Apto_2023-04-25_09-47-08_2023-04-26_13-25-55/000_Motor_648_ae2a5df2-1364-43b3-a669-df71a6e656d0.png,048520,"048
520+",OK,,0.077,False
Apto_2023-04-25_11-08-19_2023-04-25_12-08-01/000_Chassi_667_f6953654-9324-4c72-98d0-5e004b8623fd.png,BD47422LF7508382,"~BD 4742 2L
""F7508382",OK,,0.538,False
Apto_2023-04-25_11-08-19_2023-04-25_12-08-01/000_Motor_667_c131b0f1-1d5f-45e3-b14c-62b29a38dc02.png,,,NOT_FOUND,,0.073,False
Apto_2023-04-25_11-37-37_2023-04-26_04-14-02/000_Chassi_676_f8cffc5a-5619-4e57-950d-3c26a39917ef.png,9BG13811008C436392,9BG 13811008C 436392,OK,,0.311,False
Apto_2023-04-25_11-37-37_2023-04-26_04-14-02/000_Motor_676_cf4dc6d7-d7a6-4c08-b40b-330a15db4069.png,N80021738,N8002 1738,OK,,0.077,False
Apto_2023-04-25_12-26-17_2023-04-26_05-08-34/000_Chassi_690_39dc011c-dc00-497f-9708-eb5a1a488ef0.png,9BWZZZ373WP564123,9 BWZ ZZ373WP564 123*,OK,,0.327,False
Apto_2023-04-25_12-26-17_2023-04-26_05-08-34/000_Motor_690_6bde30bd-e56b-4500-8d99-57745d03106e.png,,,NOT_FOUND,,0.038,False
Apto_2023-04-26_06-12-39_2023-04-26_07-00-00/000_Chassi_745_d4ff87ba-0230-46ef-9aed-7fdac769512c.png,CKCDUXRO22922,"CKC
DuxRo22922",OK,,0.275,False
Apto_2023-04-26_06-12-39_2023-04-26_07-00-00/000_Motor_745_08611ad2-04ce-453d-adce-e34c399416b6.png,KC2SEOK022936,"KC2seo
""K022936-",OK,,0.11,False
Apto_2023-04-26_08-40-17_2023-04-26_09-58-28/000_Chassi_774_b40decb7-d98d-466e-a231-d53c78838b14.png,93XJRKBBTACA208944,*93X JRKBBTACA208944,OK,,0.296,False
Apto_2023-04-26_08-40-17_2023-04-26_09-58-28/000_Motor_774_e0ddb02a-2eb7-4547-9b55-e2d4fad2ec53.png,1276,12./76,OK,,0.065,False
Apto_2023-04-26_10-35-22_2023-04-26_11-50-57/000_Chassi_802_80d52ace-b6e3-4a5e-85b2-c919bf733ee1.png,0BM979078030182882019,"0BM97 907803018288
2019",OK,,0.908,False
Apto_2023-04-26_10-35-22_2023-04-26_11-50-57/000_Motor_802_b92132e1-4eff-419d-9d98-de72f7bcbb23.png,924LAWRR924990U100W6,"924 Lawrr
924.990-U-100W6",OK,,1.231,False
Apto_2023-04-26_11-23-48_2023-04-26_12-23-24/000_Chassi_816_22f78ab7-53cb-49a0-a90b-8694604d2034.png,298027844PA07647949,"298027844pa
""07647949""",OK,,0.919,False
Apto_2023-04-26_11-23-48_2023-04-26_12-23-24/000_Motor_816_5f5a5f3a-1673-4008-89d8-63c63185c544.png,37042841124042507,"370428411
'24042507",OK,,0.447,False
Apto_2023-04-26_12-46-21_2023-04-26_14-12-08/000_Chassi_840_31217a47-a771-41b6-a4d6-fe87f5d1a879.png,RD5822,RD+5822,OK,,2.197,False
Apto_2023-04-26_12-46-21_2023-04-26_14-12-08/000_Motor_840_bc13f89c-aea5-4be3-8647-36028ef43874.png,730498,730498,OK,,0.688,False
Apto_2023-04-26_14-24-34_2023-04-27_03-57-22/000_Chassi_846_af07ed7c-beaa-43cd-aaff-20abe1ae689d.png,847B472W1,"847
#B.
472W1",OK,,1.236,False
Apto_2023-04-26_14-24-34_2023-04-27_03-57-22/000_Motor_846_42f9f17b-7fce-4b7c-a062-4d5faf3a37c1.png,QAIBIL,QAibil,OK,,0.635,False
Apto_2023-04-26_14-48-55_2023-04-27_03-55-22/000_Chassi_847_417775d8-9aef-4b29-b1a8-ec9e14a8199e.png,8N91JBJEVDYDF9276,8n91JBJEVDYDF92 76,OK,,0.339,False
Apto_2023-04-27_04-57-22_2023-04-27_05-43-06/000_Chassi_866_ebde44bc-ab84-4c2f-98ae-9210ba570518.png,21ZKCIEBODP3,"2
1
ZKCIEBODP3",OK,,0.452,False
Apto_2023-04-27_04-57-22_2023-04-27_05-43-06/000_Motor_866_aa038588-f254-41fb-981b-4151c98758c7.png,06E8,"0
6E8",OK,,0.129,False
Apto_2023-04-27_05-44-12_2023-04-27_06-40-32/000_Chassi_886_624a3c8c-d490-48f6-b564-73d73aab731f.png,8AJBASCD4H1583103,8AJBASCD4H1583103,OK,,1.083,False
Apto_2023-04-27_05-44-12_2023-04-27_06-40-32/000_Motor_886_7f9e15bb-c5da-4e0d-bce1-7978f626818b.png,U,U,OK,,0.319,False
Apto_2023-04-27_09-54-47_2023-04-27_12-09-47/000_Chassi_951_8aec5495-238c-478a-836d-e4fce46af040.png,9BMN17251717138600,9BMN17251717/138600,OK,,0.268,False
Apto_2023-04-27_09-54-47_2023-04-27_12-09-47/000_Motor_951_0c202833-a3d0-4967-8fca-954a91ce5df5.png,C17099342,C17099342,OK,,0.123,False
Apto_2023-04-27_11-18-07_2023-04-27_12-10-47/000_Chassi_979_7ab67e57-ac2d-4ddd-b19f-926b46a33a4e.png,9OKPOEOCXBE127828,9okpoEOcXbE127828+,OK,,0.416,False
Apto_2023-04-27_11-18-07_2023-04-27_12-10-47/000_Motor_979_2ac4a30e-0d4a-4d59-8922-0046e7feeec8.png,F14057931,F14057931,OK,,0.113,False
Apto_2023-04-27_11-55-56_2023-04-27_12-44-06/000_Chassi_986_2dbdff17-ce65-4e56-a243-f1f245ee63aa.png,B614ZNK0PC421AS4,"""B614ZNK0PC421AS4",OK,,0.368,False
Apto_2023-04-27_11-55-56_2023-04-27_12-44-06/000_Motor_986_4e62c985-c40e-4658-abce-5c968a82d780.png,431101,431101,OK,,0.091,False
Apto_2023-04-27_12-58-03_2023-04-27_13-23-37/000_Chassi_996_9610c11a-d6fc-4795-8912-fd6e44a3eadb.png,10J6IAULJY687553,"""""1'0,J ""6 Iaul
""JY"" 6 87553",OK,,0.467,False
Apto_2023-04-27_12-58-03_2023-04-27_13-23-37/000_Motor_996_5b169268-d7fa-40b4-a75e-1d5c806373c3.png,,,NOT_FOUND,,0.062,False
Apto_2023-04-28_04-45-51_2023-04-28_06-16-28/000_Chassi_1021_a6c51fce-4846-46f1-b436-e3b8f7346b66.png,9BM386043L1388107,9BM38604 3L1388107,OK,,0.655,False
Apto_2023-04-28_04-45-51_2023-04-28_06-16-28/000_Motor_1021_c9c59f94-f286-44ed-89cc-fe6a89da4a59.png,COICNNCLALSELIOM366A376966210060012,"Coicnn CLA Lse  Li
OM
366
A
376,966210-060012",OK,,1.372,False
Apto_2023-04-28_06-29-13_2023-05-04_11-16-56/000_Chassi_1057_0b8b1a28-c076-44f9-91cb-f87dc60ccfd8.png,9BD1955C03351364,"'
9bd195  5~
C0335 1364",OK,,0.786,False
Apto_2023-04-28_06-29-13_2023-05-04_11-16-56/000_Motor_1057_e2031d19-8e5e-48c8-8f38-5c65b7780d55.png,,,NOT_FOUND,,0.355,False
Apto_2023-04-28_09-52-53_2023-04-28_10-34-06/000_Chassi_1099_06ffe2f2-44b3-4251-96d5-2ac69a2cab0d.png,9E034145XKY581221,"9E034 145X
~KY58 12 2 1",OK,,0.791,False
Apto_2023-04-28_09-52-53_2023-04-28_10-34-06/000_Motor_1099_bb957116-766f-4edf-8cd9-7e66e2845c4a.png,,,NOT_FOUND,,0.658,False
Apto_2023-04-28_10-35-38_2023-04-28_10-59-37/000_Chassi_1111_56edaebd-b3e0-49a6-b4ed-a76e3059e500.png,8AJHASCDIK2073172,"8AJHASCDIK2073172,",OK,,0.218,False
Apto_2023-04-28_10-35-38_2023-04-28_10-59-37/000_Motor_1111_6e1ae0b3-c715-4a66-856c-5e3a45e28cd2.png,152977,152977,OK,,0.08,False
Apto_2023-04-28_11-01-34_2023-04-28_12-18-56/000_Chassi_1116_5c4a4b01-bf5b-415e-8244-9be10cd71e96.png,93XHNKZLOZC628172,#93XHNKZLOZC6 28172 +,OK,,0.359,False
Apto_2023-04-28_11-01-34_2023-04-28_12-18-56/000_Motor_1116_6b8ef3de-aac8-437d-9f21-97c3fa448ffa.png,64056CG567,"6
4056
CG567",OK,,0.186,False
Apto_2023-04-28_11-13-49_2023-04-28_12-53-10/000_Chassi_1122_53600423-64c9-4856-87ef-f8e450661185.png,98TNYTSY0BS2466,"98
TNYTSY0BS2466*",OK,,0.992,False
Apto_2023-04-28_11-13-49_2023-04-28_12-53-10/000_Motor_1122_603f4784-64d3-46d6-bdba-bd3275d69df3.png,30462664,30462664,OK,,0.579,False
Apto_2023-04-28_11-38-29_2023-04-28_12-15-55/000_Chassi_1127_5f4291e1-da0d-4346-a5fd-8c19dfecc63d.png,CTUABUKR4OZUG11,"C
TuabukR4OzuG
1
1",OK,,0.452,False
Apto_2023-04-28_11-38-29_2023-04-28_12-15-55/000_Motor_1127_2e875024-e1f7-452b-808b-e442f5139bcf.png,JC4E3K402434,"JC4 &E 3
K402 434",OK,,0.152,False
Apto_2023-04-28_12-20-17_2023-04-28_12-57-20/000_Chassi_1135_ada532f4-b5f9-4600-ac69-07844e5bb87b.png,9BVKBO5U58P192627,9BVKBO5U58P192627,OK,,0.244,False
Apto_2023-04-28_12-20-17_2023-04-28_12-57-20/000_Motor_1135_822e52be-c910-406e-90da-7c2aa4f14091.png,CCR203,"CcR
203",OK,,0.113,False
Apto_2023-04-28_13-19-48_2023-04-28_13-58-17/000_Chassi_1141_df01303b-0cef-4f65-a9d6-550137eedbcc.png,580D643,"580
~D64
""3",OK,,0.323,False
Apto_2023-04-28_13-19-48_2023-04-28_13-58-17/000_Motor_1141_ff764288-974f-40e9-8410-2e263559e0e7.png,4CELIL56427,"4cElil
56427",OK,,0.123,False
Apto_2023-04-29_04-39-35_2023-05-03_03-17-02/000_Chassi_1145_ebe73d63-8d37-4dcd-96d5-7f4161a82702.png,9BSROXKAOY3520961,"~9BSROxkaO+
Y3520961""",OK,,1.725,False
Apto_2023-04-29_04-39-35_2023-05-03_03-17-02/000_Motor_1145_21c63886-eff9-4f14-bc0c-6ab8d195e443.png,,,NOT_FOUND,,1.074,False
Apto_2023-04-29_05-32-44_2023-04-29_06-13-23/000_Chassi_1150_cdf5bf35-b5b3-4553-9056-00f5203ebe26.png,9BG148FHODC416145,9BG148FHODC416145,OK,,0.802,False
Apto_2023-04-29_05-32-44_2023-04-29_06-13-23/000_Motor_1150_534fe6cd-df98-4814-8186-36bb995a9327.png,VEV14012358,"Ve
V14012358",OK,,0.273,False
Apto_2023-04-29_06-14-50_2023-05-04_04-18-14/000_Chassi_1156_af95c277-6808-4c9a-a236-e8ceb91676bc.png,WLQUHU2I63OLWBRR,"Wl
QUHU2I
63OLWBRR",OK,,0.477,False
Apto_2023-04-29_06-40-06_2023-05-19_03-04-56/000_Chassi_1157_e9dca605-bdb6-4b2d-8b16-82e3194ab61b.png,9BVNZBZAORE641Z783,9BVNZBZAORE 6 4 1 z 7 83,OK,,0.781,False
Apto_2023-04-29_06-40-06_2023-05-19_03-04-56/000_Motor_1157_aa816864-bc4a-4b5d-aaf7-57272e0d5374.png,T0102F30835039,"T0 102f $
3 0 8 * 350 3 9",OK,,0.713,False
Apto_2023-05-02_04-07-56_2023-05-02_13-16-06/000_Chassi_1165_4c2e8ff8-1324-467a-8df4-2c9c6ee367c0.png,8021948,8021948,OK,,0.208,False
Apto_2023-05-02_04-07-56_2023-05-02_13-16-06/000_Motor_1165_f8acb1e5-671b-4ba1-b07c-c214627462cc.png,2904935121501360200,"""2904935121501360200",OK,,0.189,False
Apto_2023-05-02_09-16-14_2023-05-03_05-23-28/000_Chassi_1244_30ef8155-609e-48dd-a11c-9599860bbdcd.png,9BWCA05X22101880,#9BWCA05X221 0 1 880/ *,OK,,0.723,False
Apto_2023-05-02_09-16-14_2023-05-03_05-23-28/000_Motor_1244_7434fd61-db73-4533-b80f-4e3bc8a2f38c.png,,,NOT_FOUND,,0.64,False
Apto_2023-05-02_09-28-18_2023-05-02_11-06-16/000_Chassi_1251_5a40590f-5018-49e1-931f-7458d70a26f6.png,9BGSC19Z02C10546,9BGSC19Z02C10546?,OK,,0.251,False
Apto_2023-05-02_09-28-18_2023-05-02_11-06-16/000_Motor_1251_575be538-6491-4d84-8e8d-fb410c7dcab7.png,ML00691QIEA,ML0069 1 Qiea,OK,,0.085,False
Apto_2023-05-02_10-20-37_2023-05-02_11-20-14/000_Chassi_1265_d15598b5-a2ac-4504-9f4d-d37ddaeb9c28.png,9BMCAOSYXZT1L29236,9BMCAOSYXZT1L29236,OK,,0.85,False
Apto_2023-05-02_10-20-37_2023-05-02_11-20-14/000_Motor_1265_b8a010f9-02bb-4667-8861-f3389cb4faab.png,AFZ26M,AFZ /26 M,OK,,0.772,False
Apto_2023-05-02_11-05-49_2023-05-02_12-27-57/000_Chassi_1277_6f7ba8d9-c0fb-47df-a75f-de0d998ba485.png,84P359A73MV163822,"84p359a73
MV163822",OK,,1.178,False
Apto_2023-05-02_11-05-49_2023-05-02_12-27-57/000_Motor_1277_47219fd7-8d50-46db-bdb8-63641b327215.png,552736593800593K,"55273659
'3800593k",OK,,0.357,False
Apto_2023-05-02_12-12-13_2023-05-02_12-48-48/000_Chassi_1300_7a906b4d-8145-4520-bbc7-86c8f6c67d3b.png,93XHNK37036221322,"93XHNK3703622132,2",OK,,0.807,False
Apto_2023-05-02_12-12-13_2023-05-02_12-48-48/000_Motor_1300_2d340fc0-3b7f-4056-9a7f-4ed78446b491.png,DT8N03,"DT8n
0 3",OK,,0.807,False
Apto_2023-05-02_12-35-04_2023-05-02_13-08-48/000_Chassi_1306_81a4b3c0-35a7-4359-9279-ab4681558f62.png,3ED7GO042609,"3ED7GO_0=
42609",OK,,0.892,False
Apto_2023-05-02_12-35-04_2023-05-02_13-08-48/000_Motor_1306_25659b16-9c07-4ee5-be4d-24de00a84afa.png,X70509398,X70509398,OK,,0.575,False
Apto_2023-05-03_09-46-19_2023-05-03_11-39-13/000_Chassi_1413_0f9608a2-46e6-4bb6-9b90-186e9960a00f.png,GOORUWT,GOO RUWT,OK,,0.801,False
Apto_2023-05-03_09-46-19_2023-05-03_11-39-13/000_Motor_1413_f7ed9f73-11ac-4643-8259-3c24a551b38c.png,MC35E7047762,"MC35E
7047762",OK,,0.477,False
Apto_2023-05-03_10-53-46_2023-05-03_12-00-38/000_Chassi_1438_78f2ac6c-6100-4226-b89a-30a1795698c3.png,93ZM2APH048700030,#9 3ZM2APH048700030*,OK,,0.859,False
Apto_2023-05-03_10-53-46_2023-05-03_12-00-38/000_Motor_1438_bac138c7-e7ee-49cf-85b8-1231c994314c.png,INT821042KA3000832303,Int 8210* 42K*A+3000*832303,OK,,1.036,False
Apto_2023-05-04_04-08-02_2023-05-04_09-45-25/000_Chassi_1478_94d3d8f5-e774-4587-9e70-3fc334b145d5.png,943843033910030062009,94384303391003006+2009,OK,,0.523,False
Apto_2023-05-04_04-12-12_2023-05-04_05-48-44/000_Chassi_1479_d7c938cc-dd55-4b29-a3b9-bdf32d8748c7.png,7PBSR4XZAO7360712,"7
PBSR4XZAO+
736071.2",OK,,0.78,False
Apto_2023-05-04_04-12-12_2023-05-04_05-48-44/000_Motor_1479_f5e80f1f-f09f-4e05-bcd8-3bb34fef7971.png,80,"8
0",OK,,0.489,False
Apto_2023-05-04_05-21-55_2023-05-04_09-31-59/000_Chassi_1504_541ce99d-5524-41c9-8eaa-a049632c3dcd.png,SAJBA3CD8H1584206,SAJBA3CD8H1584206,OK,,0.951,False
Apto_2023-05-04_05-21-55_2023-05-04_09-31-59/000_Motor_1504_0b5f596f-2de0-449c-992b-b8171fabaf7e.png,GD187702,"GD
187702",OK,,0.69,False
Apto_2023-05-04_09-23-30_2023-05-04_12-55-46/000_Chassi_1549_18ef7d96-8514-4076-8659-26c51feb9b2b.png,X9BWCB218Y4002938,"X
9 BWC B 2 1 ) 8 Y 4 0.0 2 9 3 8",OK,,0.76,False
Apto_2023-05-04_09-23-30_2023-05-04_12-55-46/000_Motor_1549_95c15247-b460-45a6-b63a-f3273490642a.png,APK002053,APK002053,OK,,0.374,False
Apto_2023-05-04_10-01-39_2023-05-04_12-24-47/000_Chassi_1566_36edd723-1823-4646-b652-66f0e054ec65.png,9BVANGOC36E721597,#9BVANGOC 36E721597*,OK,,0.687,False
Apto_2023-05-04_10-01-39_2023-05-04_12-24-47/000_Motor_1566_2e7c2656-a228-49ee-b075-71d42e5263c8.png,DME,DME,OK,,0.634,False
Apto_2023-05-04_10-54-12_2023-05-04_11-32-30/000_Chassi_1580_558a0223-7d12-40d3-81c8-bae7a0668b67.png,9804582261056652,"98045822
610,56.6.52",OK,,2.266,False
Apto_2023-05-04_10-54-12_2023-05-04_11-32-30/000_Motor_1580_ededd81c-6130-48aa-a14c-c825a3cae072.png,,,NOT_FOUND,,0.77,False
Apto_2023-05-04_11-35-51_2023-05-04_12-22-30/000_Chassi_1595_389dd562-173a-4e7b-a345-e3fcedb19811.png,9BI66822564342084,"9 Bi6682256
43}
42084",OK,,3.048,False
Apto_2023-05-04_11-35-51_2023-05-04_12-22-30/000_Motor_1595_3bed34c0-27d3-4818-8bf7-f6fad31d83fb.png,7809,7809,OK,,0.94,False
Apto_2023-05-04_12-46-52_2023-05-04_13-33-50/000_Chassi_1607_6d53b9c7-81ab-4617-9d40-e9bd54232ee6.png,9BFZF55AQE80171583,9BFZF55AQE80 171583*,OK,,1.187,False
Apto_2023-05-04_12-46-52_2023-05-04_13-33-50/000_Motor_1607_7a245750-3fb9-4fc2-95db-670b3521a543.png,S1S3015880,"S1s
301
5880",OK,,1.5,False
Apto_2023-05-05_06-32-03_2023-05-05_07-14-50/000_Chassi_1644_5fefded0-8e2c-412a-a82e-91c4eb571952.png,20179C2JC463OJRO0AI9,"2017
9C2JC463
'OJRO0AI9",OK,,1.396,False
Apto_2023-05-05_06-32-03_2023-05-05_07-14-50/000_Motor_1644_857f25a6-c235-4e81-9332-264643b17208.png,JC48E3J0Q7805,"JC4 8E 3
J0q7805",OK,,0.639,False
Apto_2023-05-05_09-36-17_2023-05-05_10-20-31/000_Chassi_1674_197e391c-c81b-41fa-bf92-a4ee2c60b328.png,X93XPNKTL09C9536534,X93XPNKTL09C9536534,OK,,0.566,False
Apto_2023-05-05_09-36-17_2023-05-05_10-20-31/000_Motor_1674_838670e8-8633-454a-b1ec-5498c763fb0f.png,4056CLSSO2,"4056
CLSSO2",OK,,0.429,False
Apto_2023-05-05_10-12-44_2023-05-05_11-20-11/000_Chassi_1686_db2d580e-efb0-4bc0-ac82-3026acd718a1.png,9BHGC8IBJP042,9BHGC8I BJP042,OK,,0.954,False
Apto_2023-05-05_10-12-44_2023-05-05_11-20-11/000_Motor_1686_73464544-7905-4aa6-b34a-f3558706bdbb.png,HU634940,HU6 34940,OK,,0.631,False
Apto_2023-05-05_10-24-46_2023-05-08_09-04-55/000_Chassi_1693_32bd07cb-5160-49ed-b322-6da0375c1160.png,382261524KC324,"38.2* 26 15 (
24K C] 32 4 %",OK,,1.756,False
Apto_2023-05-05_10-24-46_2023-05-08_09-04-55/000_Motor_1693_af52233d-e59c-4e58-a453-05b8332e3884.png,552616748809693,"55261674
8809693*",OK,,0.357,False
Apto_2023-05-05_11-33-29_2023-05-06_06-19-31/000_Chassi_1709_900d8f93-ee80-4814-b613-3e711b7cb845.png,2BIAZL5ASP658,2Biazl5 asp658,OK,,0.9,False
Apto_2023-05-05_11-33-29_2023-05-06_06-19-31/000_Motor_1709_904fae79-b7ee-485d-acfe-2eb89c6cc321.png,T012135668,"T 0 1 2
1 35 /
""668",OK,,0.824,False
Apto_2023-05-05_11-43-39_2023-05-05_12-17-35/000_Chassi_1711_c4747681-e398-4ce3-8a67-ce904a2a573b.png,9GRBOSII0410150,"""9GRBOSii '/0410150",OK,,0.767,False
Apto_2023-05-05_11-43-39_2023-05-05_12-17-35/000_Motor_1711_6b95fbb9-0c5e-45d4-8c6b-4535ed71d4c5.png,LZKM588024,LZkm588024,OK,,0.299,False
Apto_2023-05-06_06-22-54_2023-05-08_03-05-57/000_Chassi_1751_0220cbb5-a73b-4f22-8a1e-24906fbafb4a.png,9BVASO2DOBE78077220Y,"*9BVASO2DOBE780772*
2 0 } y",OK,,1.496,False
Apto_2023-05-06_06-22-54_2023-05-08_03-05-57/000_Motor_1751_4fa347ed-6682-457a-bb28-388554afd8dc.png,D138484,D13*8484,OK,,0.987,False
Apto_2023-05-08_09-11-31_2023-05-08_09-51-14/000_Chassi_1832_4fcc18c1-716c-4a9f-a4ba-ccbfde985cbc.png,FBG14GMHODG492012,FBG14gMHODG492012,OK,,0.836,False
Apto_2023-05-08_09-11-31_2023-05-08_09-51-14/000_Motor_1832_527d35db-5a54-47d4-bc02-9be8943e7bf6.png,VAD6ZES,VAD6ZES,OK,,0.151,False
Apto_2023-05-08_09-45-06_2023-05-08_12-49-39/000_Chassi_1845_e22133ef-ff2c-4b21-b8c1-90b061d84329.png,43HHF46647077207312,4 3HHF466 47077207312,OK,,0.677,False
Apto_2023-05-08_09-45-06_2023-05-08_12-49-39/000_Motor_1845_9734b071-2b4a-4704-ad90-6a59cc884bba.png,RLOA672207304,"Rlo A 6
72207304",OK,,1.16,False
Apto_2023-05-08_11-19-43_2023-05-08_12-10-48/000_Chassi_1871_4aef7223-0f6a-44b1-b65d-0410cd51f8b7.png,9861385004C403969,9861385004C403969,OK,,1.027,False
Apto_2023-05-08_11-19-43_2023-05-08_12-10-48/000_Motor_1871_46649915-ccca-476e-bbd3-27b354a700b0.png,7L0707444418,7L0707444418*,OK,,0.164,False
Apto_2023-05-08_11-50-09_2023-05-09_11-30-41/000_Chassi_1883_6469616d-e166-4e91-8e6d-d5d392293ca0.png,QUEYEALEXNAL44J0R,queyeal EXNaL4 4J0'r,OK,,0.864,False
Apto_2023-05-08_11-50-09_2023-05-09_11-30-41/000_Motor_1883_fda0eed0-78a5-4d10-b3e8-65e428940b1c.png,36442596UMMINS0613PR,"36442596
UMMINS
0613 PR",OK,,0.734,False
Apto_2023-05-08_12-17-18_2023-05-09_03-22-07/000_Chassi_1894_1a657964-e261-4474-9cd9-04c76aad8df1.png,,,NOT_FOUND,,1.834,False
Apto_2023-05-08_12-17-18_2023-05-09_03-22-07/000_Motor_1894_91b9b103-c0ec-4011-8c36-57426917f847.png,,,NOT_FOUND,,0.488,False
Apto_2023-05-08_13-06-27_2023-05-08_14-03-38/000_Chassi_1907_ae425c0c-1406-420a-89a7-18a97a86185a.png,98WZ77307SP023248,98WZ77307sp023248,OK,,0.565,False
Apto_2023-05-08_13-06-27_2023-05-08_14-03-38/000_Motor_1907_4bf16125-fa1b-4679-881c-4527b371fb4f.png,1676780,1 676780,OK,,0.573,False
Apto_2023-05-08_13-36-26_2023-05-09_10-01-33/000_Chassi_1910_f663ff2b-893b-44da-8ec2-168c919c87ae.png,V8AJFR22G3B4549532,"V
8AJFR22G3B4549532""",OK,,1.163,False
Apto_2023-05-08_13-36-26_2023-05-09_10-01-33/000_Motor_1910_cd12d529-5cd1-40db-9e22-fbea2aab3e62.png,275,27 5 €,OK,,0.715,False
Apto_2023-05-09_03-27-20_2023-05-09_10-20-28/000_Chassi_1912_6ad32fce-822a-4ece-8160-d623af40c7fe.png,LATGRS61352,LATGRs 61352,OK,,0.227,False
Apto_2023-05-09_03-27-20_2023-05-09_10-20-28/000_Motor_1912_17aeaf24-071d-4019-8579-f429d9a9a038.png,46,"4,6",OK,,1.286,False
Apto_2023-05-09_03-33-09_2023-05-09_10-23-31/000_Chassi_1913_2f357170-5194-4430-8c93-7e1baf630e68.png,JIJZLJASSPRUSS62,Jijzl'jasspruss62,OK,,0.736,False
Apto_2023-05-09_03-33-09_2023-05-09_10-23-31/000_Motor_1913_e75aa4c9-4d6c-4973-a936-d0bfe8d8b283.png,4056607170,"4056
607170",OK,,0.891,False
Apto_2023-05-09_03-49-47_2023-05-09_05-51-08/000_Chassi_1914_c9788228-c70b-4d06-8eab-eb5b13ca119f.png,966500883,96/6500883,OK,,1.243,False
Apto_2023-05-09_03-49-47_2023-05-09_05-51-08/000_Motor_1914_0c7a0ec7-eadf-424f-873d-de26a35793e5.png,65580JJ6PO0135RATP3BRA10E0311439,"65580J=
J6po
0135R
(A
TP
3 Bra-,10E0311439",OK,,1.076,False
Apto_2023-05-09_04-01-50_2023-05-09_04-53-50/000_Chassi_1915_47fcdf8d-fc65-4378-b99b-95fa0545f8ff.png,LETET7131L0844239,Letet7131L0844239*,OK,,0.902,False
Apto_2023-05-09_04-01-50_2023-05-09_04-53-50/000_Motor_1915_45956bf8-5369-4a49-900c-8a8f51a07348.png,22904255935,"2 2 9 04
2 5 5 93 5",OK,,0.676,False
Apto_2023-05-09_06-46-14_2023-05-09_07-32-41/000_Chassi_1962_189805b5-06f2-473b-a7ed-f11996b851e9.png,IS0,IS0,OK,,0.722,False
Apto_2023-05-09_06-46-14_2023-05-09_07-32-41/000_Motor_1962_9c79fd8f-1994-41da-a0e4-8a6ff35225e6.png,KC22W1NUV8W31,"Kc22w1
N € UV ""8*W 3.1",OK,,0.555,False
Apto_2023-05-09_07-02-43_2023-05-09_10-45-43/000_Chassi_1966_1679f73c-ae33-4605-9849-e4e92ee7118d.png,9BC14ZFKOHC413925,9BC14ZFKOHC413925,OK,,0.509,False
Apto_2023-05-09_07-02-43_2023-05-09_10-45-43/000_Motor_1966_f07404bf-7400-45e8-a10c-134a83541e8f.png,9910307,9910307,OK,,0.454,False
Apto_2023-05-10_04-13-30_2023-05-10_05-21-25/000_Chassi_2065_5894790d-fef4-4281-ad2d-00c58a575479.png,O93YHSRZLAFJ6389920,O93YHSRZLAFJ6389920,OK,,0.74,False
Apto_2023-05-10_04-13-30_2023-05-10_05-21-25/000_Motor_2065_defb9973-9a9c-4f9d-8db1-5f079d8c2ed4.png,,,NOT_FOUND,,0.781,False
Apto_2023-05-10_05-23-10_2023-05-10_07-28-07/000_Chassi_2083_345fb558-a3ed-4610-a457-9c5fd7458270.png,9861962781646246,"986* 196 ,2
781646246",OK,,1.763,False
Apto_2023-05-10_05-23-10_2023-05-10_07-28-07/000_Motor_2083_acba8e15-09f8-4c2a-8e37-7e757dba8a0a.png,,,NOT_FOUND,,0.793,False
Apto_2023-05-10_06-24-34_2023-05-11_13-35-12/000_Chassi_2102_8517e16c-197e-4d97-a16a-058548ea01c6.png,9BM346413HB62825,9BM346413HB/62825,OK,,0.673,False
Apto_2023-05-10_06-24-34_2023-05-11_13-35-12/000_Motor_2102_e7ac1917-2b2d-4e3a-9b94-a1382a26809a.png,S0307102,S?0307102,OK,,0.678,False
Apto_2023-05-10_09-07-37_2023-05-10_11-33-09/000_Chassi_2123_90a795e2-4970-41b3-a0f8-b02e019a5a9c.png,93ZM2APH0427004,93ZM2APH0427004,OK,,1.085,False
Apto_2023-05-10_09-07-37_2023-05-10_11-33-09/000_Motor_2123_66276468-f178-4993-af33-16b435404a25.png,FINT8940K2K4A3000832504,FInt 8940* K2K4A+3000*832504,OK,,0.947,False
Apto_2023-05-10_09-12-02_2023-05-11_10-17-57/000_Chassi_2124_b8a227ec-f7d1-4ab2-a87e-fc0f302ce9e7.png,74466I6L2A0VN2UNUK,74466I6L2A0Vn2unuk;,OK,,1.456,False
Apto_2023-05-10_09-15-34_2023-05-11_03-28-38/000_Chassi_2126_67526120-3ad5-43cf-965e-bd6514b24e78.png,9AAC1OFLO11798,"9aAC 1
OFLO1 1798",OK,,1.176,False
Apto_2023-05-10_11-09-49_2023-05-11_10-09-15/000_Chassi_2156_0acfe4ab-700f-4fee-b87c-f0827c3ba89a.png,349885030H2DF5077XX2016,"349885030H2dF5077x
X2016*",OK,,1.15,False
Apto_2023-05-10_11-14-09_2023-05-11_10-07-42/000_Chassi_2158_b30a79ee-23fd-4f6b-9eba-7aaf794bfc2f.png,9AGSZCBSIMH8014,"9AgSzcbsi
MH8 014",OK,,1.743,False
Apto_2023-05-10_11-35-44_2023-05-10_12-04-07/000_Chassi_2165_44d48f49-6719-48e4-a4e2-90f544d2a3ac.png,90017307MC4367138,"~9001*7307M
~C4367138*",OK,,1.262,False
Apto_2023-05-10_11-35-44_2023-05-10_12-04-07/000_Motor_2165_2260add8-e265-43d5-a4d6-30b32c3aca28.png,,,NOT_FOUND,,0.56,False
Apto_2023-05-10_12-47-42_2023-05-10_13-21-14/000_Chassi_2176_f5e11a52-4ffd-468a-aa76-b2fdf1c5b475.png,,,NOT_FOUND,,1.605,False
Apto_2023-05-10_12-47-42_2023-05-10_13-21-14/000_Motor_2176_b701e129-b613-41ef-9e5d-babe675acf46.png,NT14Z003570,"nt14z
003 | 5 7 0",OK,,0.533,False
Apto_2023-05-10_12-55-13_2023-05-11_03-22-33/000_Chassi_2179_3e0e1358-1f24-4640-9607-83628127b791.png,8121120610904573A,"812112061090457
3a",OK,,0.868,False
Apto_2023-05-10_13-05-55_2023-05-11_03-23-43/000_Chassi_2182_c61370a2-8334-4f90-80ea-c2cbeb4389cd.png,SK412OG10004502015,"Sk412og1000450
2015",OK,,1.182,False
Apto_2023-05-11_04-24-51_2023-05-11_05-19-53/000_Chassi_2201_1ce33468-ceb8-488b-bd31-237b952bc570.png,WII74X61RL,"WiI |7 4X6
""1)|'rl",OK,,0.936,False
Apto_2023-05-11_04-24-51_2023-05-11_05-19-53/000_Motor_2201_bf2ccabf-4929-44fc-8492-103b93ab7e5a.png,,,NOT_FOUND,,0.314,False
Apto_2023-05-11_04-50-25_2023-05-11_05-16-22/000_Chassi_2211_fe354a81-65f8-4f6c-8f38-f080ab4fdad6.png,AYBGSU03BINJLC8,AYBGSU < 03binJlc8,OK,,1.311,False
Apto_2023-05-11_04-50-25_2023-05-11_05-16-22/000_Motor_2211_5161dc2c-48cb-466d-91d7-e234e34c96d8.png,4027206,4027206,OK,,0.31,False
Apto_2023-05-11_05-31-25_2023-05-11_06-19-26/000_Chassi_2223_58963f2a-23ed-477c-8e62-2f3f4b4015f3.png,93XLNKEBTJCH31779,93XLNKEBT JCH3 1779 *,OK,,0.733,False
Apto_2023-05-11_05-31-25_2023-05-11_06-19-26/000_Motor_2223_9d66a9f9-33c9-4aa2-bc35-484571fcf720.png,4MKUC3HI85I,"4Mk |u
C3HI85i",OK,,0.736,False
Apto_2023-05-11_11-09-07_2023-05-11_13-21-49/000_Chassi_2287_36842220-9c1a-486f-b5fc-39a446efd881.png,9BM958094DB9259462013,"9BM958094DB92594,6
2013",OK,,0.669,False
Apto_2023-05-11_11-09-07_2023-05-11_13-21-49/000_Motor_2287_d0c414b4-4294-47e2-81ef-8abdaf2ab97e.png,936991107I73,"936,.991
107i73",OK,,0.495,False
Apto_2023-05-12_04-20-58_2023-05-12_06-51-16/000_Chassi_2328_cd99575c-fee0-48a7-b2d9-f5b223cafb5e.png,05892403784,"058924
03784",OK,,1.416,False
Apto_2023-05-12_04-20-58_2023-05-12_06-51-16/000_Motor_2328_274b322f-d005-4a74-9522-f14f8c38331a.png,1A6E109196388,"'1A6E10
9196388",OK,,0.335,False
Apto_2023-05-12_09-15-19_2023-05-12_10-03-46/000_Chassi_2390_4994d1bb-52af-45d7-a8fb-f41a227f4c25.png,9BF77Z55750937727,9 BF77z55750937727-,OK,,0.459,False
Apto_2023-05-12_09-15-19_2023-05-12_10-03-46/000_Motor_2390_d0c5e2f1-0ae3-4a72-8739-2ae0bbf91a9a.png,VNA025427X,"VnA
0 2 5 4 2 7 X",OK,,0.344,False
Apto_2023-05-12_10-04-12_2023-05-12_10-56-41/000_Chassi_2401_9124d3af-ed96-43e1-8f66-1825dde387fd.png,802084NYW741428,"8020 84 
""NYW741428",OK,,1.144,False
Apto_2023-05-12_10-04-12_2023-05-12_10-56-41/000_Motor_2401_9ac6530e-2541-45b4-9d6a-423ad7e41d47.png,55268176X8001086,"55268176
X8001086*",OK,,0.271,False
Apto_2023-05-12_11-16-53_2023-05-12_12-23-38/000_Chassi_2419_632fe854-6160-4ff0-9667-8a5c617866fb.png,9APPO8530VP000095,9appo8530vp000095,OK,,0.568,False
Apto_2023-05-16_04-02-23_2023-05-16_04-47-19/000_Chassi_2566_a6a50875-d664-4b12-8ac1-7600c7d05a3c.png,4MMTJ010501G,"4'
M/MT| J 010501g",OK,,0.951,False
Apto_2023-05-16_04-02-23_2023-05-16_04-47-19/000_Motor_2566_48b920fa-1b4c-4238-802a-9e064e3debb9.png,2Z3M4677,"2Z3
M 4 6 7 7",OK,,0.313,False
Apto_2023-05-16_04-51-04_2023-05-16_09-55-25/000_Chassi_2573_e00e50e3-6058-4f1b-96da-7930f478d50e.png,WVADB4ZHZKA029827,WVADB4ZHZKA029827,OK,,0.504,False
Apto_2023-05-16_04-51-04_2023-05-16_09-55-25/000_Motor_2573_c3140b01-af5a-49a4-908e-746d83db1c86.png,,,NOT_FOUND,,0.471,False
Apto_2023-05-16_06-08-52_2023-05-16_10-01-06/000_Chassi_2594_e77da87d-74f8-4b60-891c-6eac96897ead.png,9BGJC69Z0FB103924,9BG JC6 9Z0FB10 3924,OK,,0.959,False
Apto_2023-05-16_06-08-52_2023-05-16_10-01-06/000_Motor_2594_2f405ba1-e8e9-4af6-8f9e-242b9a31ac43.png,8M8073062,8M8073062,OK,,0.953,False
Apto_2023-05-16_06-57-31_2023-05-16_13-17-36/000_Chassi_2606_0f734f5c-ee85-4aec-97be-20d0e4910f83.png,BAJFY296808542130,BAJFY296808542130~,OK,,0.735,False
Apto_2023-05-16_06-57-31_2023-05-16_13-17-36/000_Motor_2606_3da776c4-1af5-4d9b-9805-ff691a2a10e4.png,LDF25438,"LD
F25-4 3 8",OK,,0.243,False
Apto_2023-05-16_07-06-21_2023-05-16_11-05-55/000_Chassi_2609_2e40de0e-951a-4694-bb43-e9098bce670e.png,GBRBB48E5A5109352,'GBRBb48E5A5109352,OK,,0.746,False
Apto_2023-05-16_07-06-21_2023-05-16_11-05-55/000_Motor_2609_983a8448-1c4e-452c-bdec-9f0314c9561a.png,,,NOT_FOUND,,0.327,False
Apto_2023-05-16_10-09-52_2023-05-17_05-26-02/000_Chassi_2642_0af0a056-6696-4f62-80e7-71e6690a53a9.png,CONTILBOSUZEP022534,contilBosuzep022534,OK,,0.776,False
Apto_2023-05-16_10-09-52_2023-05-17_05-26-02/000_Motor_2642_532daa7a-062c-43b2-84b3-ad9801463067.png,ZCR49059,"ZCR
490 /,59",OK,,0.28,False
Apto_2023-05-16_11-17-33_2023-05-17_05-14-10/000_Chassi_2660_5aa09daf-3b9a-4a35-933a-f73e7474c383.png,9BRBSSBEEFZIZO,9BRBSSBEEFZIZO,OK,,0.789,False
Apto_2023-05-16_11-17-33_2023-05-17_05-14-10/000_Motor_2660_722f266e-1f5a-41cf-8a02-e0054d142c2d.png,4C05320N,"4C053
20N",OK,,0.817,False
Apto_2023-05-17_06-09-57_2023-05-17_09-34-19/000_Chassi_2735_9ad0194e-3320-448f-b4d7-07fb11ce2875.png,KLLLLALL1A61528,KLLLLALL1A61528,OK,,0.719,False
Apto_2023-05-17_06-09-57_2023-05-17_09-34-19/000_Motor_2735_a7a5ef14-64ed-4817-b2e9-4408c8724ea4.png,,,NOT_FOUND,,0.407,False
Apto_2023-05-17_11-34-44_2023-05-17_13-37-08/000_Chassi_2800_1b224ae6-3fbe-47b3-9572-8b0d45bc3863.png,9BFLF47PXFB002542,9BFLF 47PXF B002542,OK,,1.022,False
Apto_2023-05-17_11-34-44_2023-05-17_13-37-08/000_Motor_2800_faeeb641-73dc-4c47-bfce-bae077d8b0fa.png,396440,396440,OK,,0.499,False
Apto_2023-05-18_04-53-11_2023-05-18_06-32-27/000_Chassi_2827_70d01057-494d-449a-b88d-59d3dd85193f.png,98027803MJI66922,"""98027803M
JI
66922-",OK,,2.693,False
Apto_2023-05-18_04-53-11_2023-05-18_06-32-27/000_Motor_2827_6e0571db-2549-487c-909c-e7030239e65b.png,JOA2,JOA2,OK,,0.842,False
Apto_2023-05-18_06-53-54_2023-05-18_07-25-07/000_Chassi_2854_fa61a88f-90eb-40d1-8846-ff01d365c61c.png,9C2NDO7O06R004866,9C2NDO7O0 6R 004866,OK,,0.912,False
Apto_2023-05-18_06-53-54_2023-05-18_07-25-07/000_Motor_2854_8f245c76-f494-461f-8bab-ff08a7dea375.png,NDO7E6004866,"NDo7E -
6004866",OK,,0.633,False
Apto_2023-05-18_09-21-12_2023-05-18_10-06-08/000_Chassi_2869_a8a14074-4008-4aea-803c-dd12a42bf535.png,980458225L96900,"980458225
L96900",OK,,1.52,False
Apto_2023-05-18_09-21-12_2023-05-18_10-06-08/000_Motor_2869_7847f0b6-ca62-44bf-bf43-bfdb9cc7f896.png,D9PL,D9pl,OK,,0.493,False
Apto_2023-05-19_04-19-23_2023-05-19_10-24-24/000_Chassi_2933_899c6c3f-b5ee-4127-87cc-5b59cd8ee556.png,9ADBO902CDT362472K2012,"9adbo902Cdt362472
K2012*",OK,,1.879,False
Apto_2023-05-19_04-31-29_2023-05-19_06-49-14/000_Chassi_2935_fee223a9-2800-4b51-a601-8ca61965b86d.png,9BRBDWHESG0289105,9BRBDWHESG0289105,OK,,1.132,False
Apto_2023-05-19_04-31-29_2023-05-19_06-49-14/000_Motor_2935_91535bfe-9aa0-42c2-b4b7-0fb01ac9fece.png,RAM340466,RAM3 40 4 6 6,OK,,0.26,False
Apto_2023-05-19_09-57-13_2023-05-19_12-53-51/000_Chassi_3021_da055de9-9709-4db5-9aa9-9ba85d236115.png,9BHC40181L069L07,9BHc401 ]8 1L069L07 *,OK,,0.641,False
Apto_2023-05-19_09-57-13_2023-05-19_12-53-51/000_Motor_3021_f6a5e0e8-6fb0-4979-811b-0b0abe80d80f.png,,,NOT_FOUND,,0.238,False
Apto_2023-05-19_11-10-16_2023-05-19_12-47-43/000_Chassi_3042_00562cf1-2433-4fe8-9053-aa76a0a49cda.png,GBGJK69RSRBO0872,GBGJK69RSRBO0872,OK,,1.04,False
Apto_2023-05-19_11-10-16_2023-05-19_12-47-43/000_Motor_3042_a534d7ea-665d-4067-842e-3af88e3aed60.png,BZONZ31000531,BZONZ-31000531,OK,,0.229,False
Apto_2023-05-20_06-39-02_2023-05-20_07-40-32/000_Chassi_3084_11434913-e16e-40ac-9df0-250980c2fd07.png,K9BVAGJODOEE023L47,K9bvagjodOEE023l47#,OK,,0.731,False
Apto_2023-05-20_06-39-02_2023-05-20_07-40-32/000_Motor_3084_8cacf987-2a15-48e3-b659-0feb5407bf7c.png,0138877864,013*8877864,OK,,1.092,False
Apto_2023-05-22_04-21-02_2023-05-22_05-22-05/000_Chassi_3094_39f23c20-2907-4cfe-aab3-2b22140039cc.png,93XSYKLITKCJ12886,93XSYKL ITKCJ12886,OK,,0.661,False
Apto_2023-05-22_04-21-02_2023-05-22_05-22-05/000_Motor_3094_e850a508-d74c-46f3-8c61-6e32bd32d987.png,J4N15BAB3I9,"J4N15
BAB3I ! 9",OK,,0.278,False
Apto_2023-05-22_04-28-14_2023-05-22_06-53-12/000_Chassi_3098_5f69aab2-84c9-44db-9a38-b0a21012e8e6.png,932S2MSH0B8809473,*932S2MSH0B8809473*,OK,,1.243,False
Apto_2023-05-22_04-28-14_2023-05-22_06-53-12/000_Motor_3098_bb69546c-e7c1-44e6-ba97-8b5b36687528.png,JBE068,JBE068_,OK,,1.166,False
Apto_2023-05-22_06-01-05_2023-05-22_09-28-11/000_Chassi_3138_740cc4f3-71e4-4308-bcfc-1ec6f16256bc.png,JYTRJHSKJ7571946,JYTRJHSKJ7571946,OK,,0.511,False
Apto_2023-05-22_06-01-05_2023-05-22_09-28-11/000_Motor_3138_e17be183-ff61-4d42-8f07-c92e10b1582b.png,MHNF0,"MHNF
0",OK,,0.877,False
Apto_2023-05-22_09-29-43_2023-05-22_10-25-03/000_Chassi_3170_e5c984d5-c2b0-4b46-bd20-49595ff23cb7.png,9BG14XMHODC473278,9BG14XMHODC473278,OK,,0.755,False
Apto_2023-05-22_09-29-43_2023-05-22_10-25-03/000_Motor_3170_f8ff27fa-42f3-4ff8-b840-3d3af5464371.png,VAC47373,'V_AC47373,OK,,0.185,False
Apto_2023-05-22_11-01-25_2023-05-22_12-27-43/000_Chassi_3203_13c9bd0d-d4f3-4ad9-b05f-550793eddcc7.png,9BVABO1J694025180,9BVABO 1 J694025180,OK,,0.768,False
Apto_2023-05-22_11-01-25_2023-05-22_12-27-43/000_Motor_3203_96d0b710-e196-4169-b9fb-5021ad6c9136.png,CCR103851,"CCR
103 .?851",OK,,0.168,False
Apto_2023-05-22_11-24-39_2023-05-22_12-36-14/000_Chassi_3210_f122aa62-4948-4e11-a72a-bab535fdef63.png,382267KC86755,"3 8 2*2 6 ^7
K C 8 67.55 ?",OK,,1.493,False
Apto_2023-05-22_11-24-39_2023-05-22_12-36-14/000_Motor_3210_30179759-2849-411d-8569-dfe4543e1ab2.png,552646748839573,"55264674""*8839573*",OK,,0.451,False
Apto_2023-05-22_12-28-20_2023-06-02_07-42-15/000_Chassi_3232_a4ca641b-6868-46ab-a633-40028ed152b2.png,,,NOT_FOUND,,1.045,False
Apto_2023-05-22_12-28-20_2023-06-02_07-42-15/000_Motor_3232_46e0dc40-688c-4164-b44b-1a7be6a3ac0b.png,P48E2300065,"P € 4 8 E2
30 0 0 6 5 &",OK,,0.616,False
Apto_2023-05-23_05-30-27_2023-05-23_14-18-06/000_Chassi_3266_6c0196b2-955e-4d36-968d-29370ea35c19.png,9BM346413H1862825,9BM346413H18/62825,OK,,0.827,False
Apto_2023-05-23_05-30-27_2023-05-23_14-18-06/000_Motor_3266_afb9f228-6553-437f-96b6-1938199a86a8.png,SP0307102,'Sp0307102,OK,,0.634,False
Apto_2023-05-23_06-51-22_2023-05-23_09-28-05/000_Chassi_3288_0ed29027-8aef-4d71-ace6-894b3ac3e76e.png,9B6CA8030LB208735,9B6CA8030LB20 8735,OK,,0.499,False
Apto_2023-05-23_06-51-22_2023-05-23_09-28-05/000_Motor_3288_18d08a19-5df1-4ced-9c0c-293b85feb960.png,6K8057084,6K8057084,OK,,0.343,False
Apto_2023-05-23_09-15-55_2023-05-23_10-25-30/000_Chassi_3303_1a66193e-48d1-419e-af47-5d5c3465061b.png,GCZILOUOHRO27723,GCZIL OuoHRO27723,OK,,0.811,False
Apto_2023-05-23_09-15-55_2023-05-23_10-25-30/000_Motor_3303_54e891c1-c5e6-42d8-960b-8ce6a0fca395.png,JC70E0M02778,"JC 70E0
M 02778 ]",OK,,0.399,False
Apto_2023-05-23_09-26-39_2023-05-23_12-03-59/000_Chassi_3306_10af656e-c0c8-4672-851c-774e06c83725.png,981PM81958526876,981PM8?1958526876,OK,,0.869,False
Apto_2023-05-23_09-26-39_2023-05-23_12-03-59/000_Motor_3306_89d6dc79-92cb-49ae-8be3-230e2699fb9c.png,083673,"08
3673",OK,,1.091,False
Apto_2023-05-23_12-04-05_2023-05-23_13-04-20/000_Chassi_3344_2c6504d2-b8cd-4a70-b97b-c5a8eab5d126.png,093YHJD204MJL354536,093YHJD204MJL354536,OK,,1.406,False
Apto_2023-05-23_12-04-05_2023-05-23_13-04-20/000_Motor_3344_e565fadc-3076-4b48-9ad2-86752c71cab7.png,H4NG71254,"'H4nG7
'1254",OK,,0.983,False
Apto_2023-05-23_12-53-32_2023-05-23_13-33-14/000_Chassi_3356_9dc6690d-54e0-4138-9771-af34644ed96d.png,9BD17464C5766129,"'9BD 17.464
C5766129<",OK,,1.499,False
Apto_2023-05-23_12-53-32_2023-05-23_13-33-14/000_Motor_3356_c166feef-9009-43f1-904b-d3edd318126d.png,,,NOT_FOUND,,0.512,False
Apto_2023-05-24_04-12-07_2023-05-24_06-06-51/000_Chassi_3370_8e7128ed-1d4f-4676-9fd2-73d5794b1e48.png,9BVASO2628E762222200,"*9BVASO2628E762222+
200 &",OK,,1.729,False
Apto_2023-05-24_04-12-07_2023-05-24_06-06-51/000_Motor_3370_aa10162a-4f6c-4222-8d12-7305b162a43a.png,043812235AE,"043812235
AE",OK,,3.291,False
Apto_2023-05-24_04-27-36_2023-05-24_10-51-07/000_Chassi_3374_6a6acddb-2334-410c-9292-991c814dfb70.png,209GAPEOB820KPOOO101,"20(9
GApEob820kpooo10 1",OK,,3.478,False
Apto_2023-05-24_05-05-41_2023-05-24_06-10-42/000_Chassi_3384_d44105c8-31b8-4bdf-bf15-88229fc90d94.png,SAP5721711150356549,"s &AP 572 171
'1150356549<",OK,,1.249,False
Apto_2023-05-24_05-05-41_2023-05-24_06-10-42/000_Motor_3384_e9077a8e-1c5a-40f6-9fb5-381f6fc8a94a.png,,,NOT_FOUND,,0.33,False
Apto_2023-05-24_09-49-26_2023-05-24_10-21-25/000_Chassi_3424_7a591224-6661-4563-831e-61c066d1c84d.png,GCZHAOTOUORO650OCOUARRO18960,"GCZHAOTOUORO6#50
Ocouar
""ro18960",OK,,0.855,False
Apto_2023-05-24_09-49-26_2023-05-24_10-21-25/000_Motor_3424_d282e8b8-73c6-48b6-8928-a4707db0ad35.png,HAOEJO169507,"HAO (E
JO 1 6 95 07",OK,,0.869,False
Apto_2023-05-24_10-22-02_2023-05-24_11-09-53/000_Chassi_3433_882c8fb0-9277-4d34-94c2-8dca434303fe.png,8AJZX62G9F5011329,8AJzX62G9F5011329~,OK,,1.18,False
Apto_2023-05-24_10-22-02_2023-05-24_11-09-53/000_Motor_3433_f507bd86-19db-4766-ad23-df6def786a38.png,84834428145,"8.48.3 44
28145",OK,,0.182,False
Apto_2023-05-24_10-56-24_2023-05-24_12-39-51/000_Chassi_3443_b36ad09c-3301-41ea-8342-2c783a697c47.png,VBB4AJNARRCOS2874,VBB4AJNARRCOS 2 874,OK,,0.529,False
Apto_2023-05-24_10-56-24_2023-05-24_12-39-51/000_Motor_3443_fb604299-5106-4d4d-a515-e06f0162683e.png,5K880585041712,5k880585041712,OK,,0.43,False
Apto_2023-05-24_11-45-06_2023-05-24_12-07-49/000_Chassi_3457_061a315b-4fcc-44b4-9ee7-ad594670c6f2.png,GBWABO1J6A4012515,GBWABO 1 J6a4012515.,OK,,1.523,False
Apto_2023-05-24_11-45-06_2023-05-24_12-07-49/000_Motor_3457_435eef56-64cd-412f-84e4-b063e8fb5827.png,CCR8153450,CCR 815 3450,OK,,0.233,False
Apto_2023-05-24_12-13-37_2023-05-24_12-52-00/000_Chassi_3462_4db75670-5c00-4a99-8fbf-ef7baac9f5d0.png,9BW5B82016R6239754,9BW5B82016R6239754,OK,,1.308,False
Apto_2023-05-24_12-13-37_2023-05-24_12-52-00/000_Motor_3462_3bc317f5-9407-4db8-ba67-b73b517b2091.png,F1A287423,F1A287423,OK,,0.419,False
Apto_2023-05-24_12-51-41_2023-05-24_14-05-33/000_Chassi_3474_b9263950-c8e1-4966-88d3-4400907b5804.png,94B6147244R00141200,"94B61472 44R00141
200^",OK,,1.428,False
Apto_2023-05-25_03-55-41_2023-05-25_09-49-50/000_Chassi_3487_ba8dabd4-db61-4bf4-b3f3-369c7a89ecef.png,GBVNOAKACEE3A920,~GBVNOA KACEE3(a920*,OK,,0.961,False
Apto_2023-05-25_03-55-41_2023-05-25_09-49-50/000_Motor_3487_f4269dbe-c0a0-44ba-b7d7-a4f7b9214f64.png,TO101617350159,To 1 016 *1735 * 0159 ?,OK,,0.583,False
Apto_2023-05-25_05-24-17_2023-05-25_09-44-35/000_Chassi_3515_4613ef51-3a6c-4247-b255-419b9ade050c.png,94BL0262LLR40S2192020,"94BL0262LLR40S219
2020",OK,,1.037,False
Apto_2023-05-25_06-32-32_2023-05-25_09-33-27/000_Chassi_3528_0f4a83c8-4dfe-43b5-9dd2-d0773c0195cf.png,9BFFF2ULXYN0Y188,#9BF FF2UL Xyn0?y188,OK,,1.102,False
Apto_2023-05-25_06-32-32_2023-05-25_09-33-27/000_Motor_3528_f941fa55-21c6-4967-a53f-2498a55fc597.png,00000362745,*00000362745,OK,,1.484,False
Apto_2023-05-25_07-32-41_2023-05-25_10-22-07/000_Chassi_3538_8e4cd15f-b954-4852-9ff9-34958deecedc.png,34566427404542,"345
664274
045-42",OK,,1.289,False
Apto_2023-05-25_07-32-41_2023-05-25_10-22-07/000_Motor_3538_23c01041-e37e-4066-ae7c-327dc56106de.png,C6F669404T0OM352NOL34591510071938,"C6f669404,t0
OM
352
Nol
345.915_10:07.193 8",OK,,0.682,False
Apto_2023-05-25_10-02-32_2023-05-26_03-17-42/000_Chassi_3561_9fdd1a49-e16b-421c-9c67-f941da7e85f1.png,93ZE2HH0D8923537,93ZE2hH0D8923537*,OK,,0.804,False
Apto_2023-05-25_10-02-32_2023-05-26_03-17-42/000_Motor_3561_95883cbc-92ab-4138-99ee-a3294249a6f6.png,FLAS681F420181,"FLAs
681F 420181",OK,,0.48,False
Apto_2023-05-25_10-36-52_2023-05-25_12-06-25/000_Chassi_3570_d2def2a4-0c24-442e-9893-e85cd1143363.png,9BHIBGSIDAEP152971,9BHIBGSIDAEP152971,OK,,1.06,False
Apto_2023-05-25_10-36-52_2023-05-25_12-06-25/000_Motor_3570_63a7de4f-40d2-466f-a681-22bf954c88dc.png,FAFA1478,"FAFA
1478",OK,,1.091,False
Apto_2023-05-26_04-44-18_2023-05-26_05-49-49/000_Chassi_3619_48dda703-6645-4d81-92f9-8e7f5737f5bd.png,9ADBO9OZCDM3624722012,"9ADBO9OZCDM362472
*2012*",OK,,1.832,False
Apto_2023-05-26_12-20-37_2023-05-29_06-13-19/000_Chassi_3726_86d58ba2-7221-4fd3-a923-1bfd44fbf0fa.png,BADBO902CDM3624722012,"'BADBO902CDM362472
*2012*",OK,,1.422,False
Apto_2023-05-26_12-44-51_2023-05-26_13-49-40/000_Chassi_3731_6f5ff13a-d461-4c82-a8be-02f5cf1a6f0c.png,3U850212009136REM,3u850212009136 REM,OK,,0.463,False
Apto_2023-05-26_12-44-51_2023-05-26_13-49-40/000_Motor_3731_5a604f9b-f355-4c97-91e7-6601f9bbbdba.png,DN0M31434393210009333R,"Dn
0M.314
""3 4 3
932-10-009333 *
R.",OK,,1.413,False
Apto_2023-05-26_13-04-03_2023-05-26_13-42-01/000_Chassi_3737_73520181-4d8a-4642-bbf1-7870005aa36e.png,838861110X163295,"83 8 8 6 1110 X
16 3 2,9 5",OK,,0.702,False
Apto_2023-05-26_13-04-03_2023-05-26_13-42-01/000_Motor_3737_cd47c7f0-cf40-4389-8f74-3784b04f6566.png,552771353257909Y,"55277135
""3257909y",OK,,0.33,False
Apto_2023-05-29_03-46-52_2023-05-29_05-17-11/000_Chassi_3769_b044a697-1c88-462c-9dc7-27f8a32733f9.png,38D17444322443028,"'38D174443-
+224 43028",OK,,2.049,False
Apto_2023-05-29_03-46-52_2023-05-29_05-17-11/000_Motor_3769_fae4431e-230a-438d-9074-0bdf82a789ab.png,B0BA518206,"B0bA
518206",OK,,0.341,False
Apto_2023-05-29_06-24-57_2023-05-29_06-51-59/000_Chassi_3802_6b8cb7af-5e26-44cc-bbcb-fdb78caaeb7f.png,798057417D80855095474,"7980574 17 D-
80855095474",OK,,1.155,False
Apto_2023-05-29_06-24-57_2023-05-29_06-51-59/000_Motor_3802_1006b491-4d5f-46ab-98a6-a522bd98f049.png,522A00113072552,"522A0011
3072552",OK,,0.268,False
Apto_2023-05-29_09-49-15_2023-05-29_10-24-49/000_Chassi_3845_0ed7fffd-6406-4077-80ec-850a8e00ce25.png,8AJBA3CD2H1590549,8AJBA3CD2H1590549,OK,,0.8,False
Apto_2023-05-29_09-49-15_2023-05-29_10-24-49/000_Motor_3845_bf95731a-fdc8-430b-bf89-4f9d291f98f4.png,1GD6015495,"1GD
6015495",OK,,0.201,False
Apto_2023-05-29_09-53-36_2023-05-29_11-51-35/000_Chassi_3846_c4eeab1a-533f-4eb4-9f75-2f6639e88aaa.png,9BF22254258721120,9 BF 2225.4258721120,OK,,1.368,False
Apto_2023-05-29_09-53-36_2023-05-29_11-51-35/000_Motor_3846_19cadca0-c44a-4a3f-b984-6617a756d69e.png,865328,"8,6 5328",OK,,0.286,False
Apto_2023-05-29_11-34-00_2023-05-29_12-09-17/000_Chassi_3872_a420c8ec-c7a2-4090-8f70-edbbcc2eedc6.png,3BHB64DAGP623974,3BHB64 (DAGP623974,OK,,0.818,False
Apto_2023-05-29_11-34-00_2023-05-29_12-09-17/000_Motor_3872_02f401e7-f62f-4676-a293-80dce3bc7a65.png,FAFA147I7,"FAFA
147i 7",OK,,0.583,False
Apto_2023-05-30_04-27-06_2023-05-30_06-56-56/000_Chassi_3915_e83c88e8-da8b-4b02-b5f7-97e7222bffbd.png,9BPKGAAGORC095957,~9BPKGAAGORC095957,OK,,1.055,False
Apto_2023-05-30_04-27-06_2023-05-30_06-56-56/000_Motor_3915_b4f1b383-ab1a-47b6-b1b7-0dcbfd54a699.png,AC539670204,"'AC53 96 7 .
0204",OK,,0.426,False
