File_Name,Extracted_Characters,Raw_Response,Status,Error,Seconds,Truncated,Attempts,Finish_Reason
Apto_2023-04-22_05-00-33_2023-04-28_05-42-24/000_Chassi_422_da4f8a80-24ca-49ef-ba52-05abf028e911.png,9BD2651JH9K9125421,9BD2651JH9K9125421,OK,,13.165,False,1,stop
Apto_2023-04-22_05-00-33_2023-04-28_05-42-24/000_Motor_422_e3e3c320-cddc-41c9-9c67-896ca534072f.png,342193,342193,OK,,1.202,False,1,stop
Apto_2023-04-24_06-45-32_2023-04-24_10-22-03/000_Chassi_481_e20e927f-b7cb-4917-a0ec-0bc62c5b1cec.png,20139C3N01100R018075,20139C3N01100R018075,OK,,1.465,False,1,stop
Apto_2023-04-24_06-45-32_2023-04-24_10-22-03/000_Motor_481_2bd84f76-b0dd-43f2-8ac7-f7e5a19228ec.png,,NOT_FOUND,NOT_FOUND,,1.107,False,1,stop
Apto_2023-04-24_12-33-33_2023-04-24_13-08-09/000_Chassi_553_c9ed6d98-716d-44e9-ae2f-96629e3c08d6.png,9C2PC42108R500145,9C2PC42108R500145,OK,,1.334,False,1,stop
Apto_2023-04-24_12-33-33_2023-04-24_13-08-09/000_Motor_553_57f26675-5568-43f0-a9ad-0fa02ec6d79b.png,PC42E6500145,PC42E-6500145,OK,,1.365,False,1,stop
Apto_2023-04-24_13-33-12_2023-04-24_13-54-02/000_Chassi_564_b04d8253-8611-4fd3-8e57-402bf79e639d.png,987CLAS01PG003587,987CLAS01PG003587,OK,,1.382,False,1,stop
Apto_2023-04-25_03-56-20_2023-04-25_04-56-33/000_Chassi_567_ed5ccb92-5199-49e2-976d-3d211ddabc22.png,BFEXXL38JDB69086,BFEXXL38JDB69086,OK,,1.289,False,1,stop
Apto_2023-04-25_03-56-20_2023-04-25_04-56-33/000_Motor_567_935ea9a9-a2af-469e-b27c-c8adfc5efad2.png,6280715839,6280715839,OK,,1.246,False,1,stop
Apto_2023-04-25_06-08-07_2023-04-25_06-53-54/000_Chassi_608_6b55104c-0e1a-475f-a52d-d3dcf576eabd.png,8AJFY22G6D8007663,8AJFY22G6D8007663,OK,,1.376,False,1,stop
Apto_2023-04-25_06-08-07_2023-04-25_06-53-54/000_Motor_608_cb0a6738-0061-4053-ba98-1710ce62067c.png,1KDA140567,1KD A140567,OK,,1.248,False,1,stop
Apto_2023-04-25_06-58-39_2023-04-25_07-30-10/000_Chassi_623_87e32cf0-9a24-4f76-8fc4-79f36f9f91a1.png,ABWAB41J9D4006591,ABWAB41J9D4006591,OK,,1.356,False,1,stop
Apto_2023-04-25_06-58-39_2023-04-25_07-30-10/000_Motor_623_f1715f2f-22d5-4476-b9dc-3f4f5596862a.png,621,621,OK,,1.089,False,1,stop
Apto_2023-04-25_09-47-08_2023-04-26_13-25-55/000_Chassi_648_c76d7c5f-ea2f-4ad8-9096-d499810d19a4.png,9BM345005JB811458,9BM345005JB811458,OK,,1.644,False,1,stop
Apto_2023-04-25_09-47-08_2023-04-26_13-25-55/000_Motor_648_ae2a5df2-1364-43b3-a669-df71a6e656d0.png,04691900852D457,04691900852D457,OK,,1.334,False,1,stop
Apto_2023-04-25_11-08-19_2023-04-25_12-08-01/000_Chassi_667_f6953654-9324-4c72-98d0-5e004b8623fd.png,9BD17122LF7508382,9BD17122LF7508382,OK,,1.362,False,1,stop
Apto_2023-04-25_11-08-19_2023-04-25_12-08-01/000_Motor_667_c131b0f1-1d5f-45e3-b14c-62b29a38dc02.png,,NOT_FOUND,NOT_FOUND,,1.144,False,1,stop
Apto_2023-04-25_11-37-37_2023-04-26_04-14-02/000_Chassi_676_f8cffc5a-5619-4e57-950d-3c26a39917ef.png,9BG138HU08C436392,9BG138HU08C436392,OK,,1.439,False,1,stop
Apto_2023-04-25_11-37-37_2023-04-26_04-14-02/000_Motor_676_cf4dc6d7-d7a6-4c08-b40b-330a15db4069.png,N80021738,N80021738,OK,,1.256,False,1,stop
Apto_2023-04-25_12-26-17_2023-04-26_05-08-34/000_Chassi_690_39dc011c-dc00-497f-9708-eb5a1a488ef0.png,9BWZZ373WP564123,9BWZZ373WP564123,OK,,1.527,False,1,stop
Apto_2023-04-25_12-26-17_2023-04-26_05-08-34/000_Motor_690_6bde30bd-e56b-4500-8d99-57745d03106e.png,,NOT_FOUND,NOT_FOUND,,1.13,False,1,stop
Apto_2023-04-26_06-12-39_2023-04-26_07-00-00/000_Chassi_745_d4ff87ba-0230-46ef-9aed-7fdac769512c.png,3A1K501K012922,3A1K501K012922,OK,,1.406,False,1,stop
Apto_2023-04-26_06-12-39_2023-04-26_07-00-00/000_Motor_745_08611ad2-04ce-453d-adce-e34c399416b6.png,KC26EOK022935,"KC26EO
K022935",OK,,1.305,False,1,stop
Apto_2023-04-26_08-40-17_2023-04-26_09-58-28/000_Chassi_774_b40decb7-d98d-466e-a231-d53c78838b14.png,93XJRKB8TACA20894,93XJRKB8TACA20894,OK,,1.363,False,1,stop
Apto_2023-04-26_08-40-17_2023-04-26_09-58-28/000_Motor_774_e0ddb02a-2eb7-4547-9b55-e2d4fad2ec53.png,C47000,C47000,OK,,13.264,False,2,stop
Apto_2023-04-26_10-35-22_2023-04-26_11-50-57/000_Chassi_802_80d52ace-b6e3-4a5e-85b2-c919bf733ee1.png,0BM979078DS018253,0BM979078DS018253,OK,,1.377,False,1,stop
Apto_2023-04-26_10-35-22_2023-04-26_11-50-57/000_Motor_802_b92132e1-4eff-419d-9d98-de72f7bcbb23.png,924990U1078448,924990U1078448,OK,,1.385,False,1,stop
Apto_2023-04-26_11-23-48_2023-04-26_12-23-24/000_Chassi_816_22f78ab7-53cb-49a0-a90b-8694604d2034.png,9BD27844P07647949,9BD27844P07647949,OK,,1.435,False,1,stop
Apto_2023-04-26_11-23-48_2023-04-26_12-23-24/000_Motor_816_5f5a5f3a-1673-4008-89d8-63c63185c544.png,370A00112404250,370A00112404250,OK,,1.359,False,1,stop
Apto_2023-04-26_12-46-21_2023-04-26_14-12-08/000_Chassi_840_31217a47-a771-41b6-a4d6-fe87f5d1a879.png,JBU15927,JBU15927,OK,,1.336,False,1,stop
Apto_2023-04-26_12-46-21_2023-04-26_14-12-08/000_Motor_840_bc13f89c-aea5-4be3-8647-36028ef43874.png,16F1W17804983,16F1W17804983,OK,,1.324,False,1,stop
Apto_2023-04-26_14-24-34_2023-04-27_03-57-22/000_Chassi_846_af07ed7c-beaa-43cd-aaff-20abe1ae689d.png,B220P2640,B220P2640,OK,,1.265,False,1,stop
Apto_2023-04-26_14-24-34_2023-04-27_03-57-22/000_Motor_846_42f9f17b-7fce-4b7c-a062-4d5faf3a37c1.png,0418110122333,0418110122333,OK,,1.374,False,1,stop
Apto_2023-04-26_14-48-55_2023-04-27_03-55-22/000_Chassi_847_417775d8-9aef-4b29-b1a8-ec9e14a8199e.png,9A91J9J6V0XDF9276,9A91J9J6V0XDF9276,OK,,1.381,False,1,stop
Apto_2023-04-27_04-57-22_2023-04-27_05-43-06/000_Chassi_866_ebde44bc-ab84-4c2f-98ae-9210ba570518.png,9ZK1600313714,9ZK1600313714,OK,,1.37,False,1,stop
Apto_2023-04-27_04-57-22_2023-04-27_05-43-06/000_Motor_866_aa038588-f254-41fb-981b-4151c98758c7.png,16E0,16E0,OK,,1.177,False,1,stop
Apto_2023-04-27_05-44-12_2023-04-27_06-40-32/000_Chassi_886_624a3c8c-d490-48f6-b564-73d73aab731f.png,8AJBA3CD4H1583103,8AJBA3CD4H1583103,OK,,1.381,False,1,stop
Apto_2023-04-27_05-44-12_2023-04-27_06-40-32/000_Motor_886_7f9e15bb-c5da-4e0d-bce1-7978f626818b.png,GD10572,"GD
10572",OK,,1.217,False,1,stop
Apto_2023-04-27_09-54-47_2023-04-27_12-09-47/000_Chassi_951_8aec5495-238c-478a-836d-e4fce46af040.png,9BWN172S17R716566,9BWN172S17R716566,OK,,1.508,False,1,stop
Apto_2023-04-27_09-54-47_2023-04-27_12-09-47/000_Motor_951_0c202833-a3d0-4967-8fca-954a91ce5df5.png,9934,9934,OK,,1.184,False,1,stop
Apto_2023-04-27_11-18-07_2023-04-27_12-10-47/000_Chassi_979_7ab67e57-ac2d-4ddd-b19f-926b46a33a4e.png,93KPOE0CXBE127828,93KPOE0CXBE127828,OK,,1.342,False,1,stop
Apto_2023-04-27_11-18-07_2023-04-27_12-10-47/000_Motor_979_2ac4a30e-0d4a-4d59-8922-0046e7feeec8.png,F1A057931,F1A057931,OK,,1.381,False,1,stop
Apto_2023-04-27_11-55-56_2023-04-27_12-44-06/000_Chassi_986_2dbdff17-ce65-4e56-a243-f1f245ee63aa.png,9BG14ZMKOPG421454,9BG14ZMKOPG421454,OK,,1.376,False,1,stop
Apto_2023-04-27_11-55-56_2023-04-27_12-44-06/000_Motor_986_4e62c985-c40e-4658-abce-5c968a82d780.png,F222431101,F222431101,OK,,1.223,False,1,stop
Apto_2023-04-27_12-58-03_2023-04-27_13-23-37/000_Chassi_996_9610c11a-d6fc-4795-8912-fd6e44a3eadb.png,9BD341ABCJY487532,9BD341ABCJY487532,OK,,1.352,False,1,stop
Apto_2023-04-27_12-58-03_2023-04-27_13-23-37/000_Motor_996_5b169268-d7fa-40b4-a75e-1d5c806373c3.png,2012123456789,2012123456789,OK,,1.314,False,1,stop
Apto_2023-04-28_04-45-51_2023-04-28_06-16-28/000_Chassi_1021_a6c51fce-4846-46f1-b436-e3b8f7346b66.png,9BM386043LB881970,9BM386043LB881970,OK,,1.374,False,1,stop
Apto_2023-04-28_04-45-51_2023-04-28_06-16-28/000_Motor_1021_c9c59f94-f286-44ed-89cc-fe6a89da4a59.png,37695510050012,376.955-10-050012,OK,,1.413,False,1,stop
Apto_2023-04-28_06-29-13_2023-05-04_11-16-56/000_Chassi_1057_0b8b1a28-c076-44f9-91cb-f87dc60ccfd8.png,9BD195162C0335136,9BD195162C0335136,OK,,1.334,False,1,stop
Apto_2023-04-28_06-29-13_2023-05-04_11-16-56/000_Motor_1057_e2031d19-8e5e-48c8-8f38-5c65b7780d55.png,210356789,210356789,OK,,1.257,False,1,stop
Apto_2023-04-28_09-52-53_2023-04-28_10-34-06/000_Chassi_1099_06ffe2f2-44b3-4251-96d5-2ac69a2cab0d.png,9BD347A5XKY581221,9BD347A5XKY581221,OK,,1.365,False,1,stop
Apto_2023-04-28_09-52-53_2023-04-28_10-34-06/000_Motor_1099_bb957116-766f-4edf-8cd9-7e66e2845c4a.png,537266534120,537266534120,OK,,1.314,False,1,stop
Apto_2023-04-28_10-35-38_2023-04-28_10-59-37/000_Chassi_1111_56edaebd-b3e0-49a6-b4ed-a76e3059e500.png,8AJHA3CD9K2073177,8AJHA3CD9K2073177,OK,,1.352,False,1,stop
Apto_2023-04-28_10-35-38_2023-04-28_10-59-37/000_Motor_1111_6e1ae0b3-c715-4a66-856c-5e3a45e28cd2.png,AF291,AF291,OK,,1.129,False,1,stop
Apto_2023-04-28_11-01-34_2023-04-28_12-18-56/000_Chassi_1116_5c4a4b01-bf5b-415e-8244-9be10cd71e96.png,93XHNK7407C628172,93XHNK7407C628172,OK,,1.373,False,1,stop
Apto_2023-04-28_11-01-34_2023-04-28_12-18-56/000_Motor_1116_6b8ef3de-aac8-437d-9f21-97c3fa448ffa.png,4D567616,4D567616,OK,,1.219,False,1,stop
Apto_2023-04-28_11-13-49_2023-04-28_12-53-10/000_Chassi_1122_53600423-64c9-4856-87ef-f8e450661185.png,9BFYTNYT5YDB52466,9BFYTNYT5YDB52466,OK,,1.376,False,1,stop
Apto_2023-04-28_11-13-49_2023-04-28_12-53-10/000_Motor_1122_603f4784-64d3-46d6-bdba-bd3275d69df3.png,30462664,30462664,OK,,1.208,False,1,stop
Apto_2023-04-28_11-38-29_2023-04-28_12-15-55/000_Chassi_1127_5f4291e1-da0d-4346-a5fd-8c19dfecc63d.png,201930KR402409,201930KR402409,OK,,1.309,False,1,stop
Apto_2023-04-28_11-38-29_2023-04-28_12-15-55/000_Motor_1127_2e875024-e1f7-452b-808b-e442f5139bcf.png,JG48ESK402434,JG48ESK402434,OK,,1.533,False,1,stop
Apto_2023-04-28_12-20-17_2023-04-28_12-57-20/000_Chassi_1135_ada532f4-b5f9-4600-ac69-07844e5bb87b.png,9BWKB05U5BP192627,9BWKB05U5BP192627,OK,,1.367,False,1,stop
Apto_2023-04-28_12-20-17_2023-04-28_12-57-20/000_Motor_1135_822e52be-c910-406e-90da-7c2aa4f14091.png,12345678901234567890123456789012345678901234567890123456789012345678901234567890123456789012345678901234567890123456789012345678,12345678901234567890123456789012345678901234567890123456789012345678901234567890123456789012345678901234567890123456789012345678,TRUNCATED,,3.309,True,1,length
Apto_2023-04-28_13-19-48_2023-04-28_13-58-17/000_Chassi_1141_df01303b-0cef-4f65-a9d6-550137eedbcc.png,031458044,031458044,OK,,1.269,False,1,stop
Apto_2023-04-28_13-19-48_2023-04-28_13-58-17/000_Motor_1141_ff764288-974f-40e9-8410-2e263559e0e7.png,J4E1711,J4E1711,OK,,1.191,False,1,stop
Apto_2023-04-29_04-39-35_2023-05-03_03-17-02/000_Chassi_1145_ebe73d63-8d37-4dcd-96d5-7f4161a82702.png,9BSR6Y4AO1Y3520961,9BSR6Y4AO+1Y3520961+,OK,,1.424,False,1,stop
Apto_2023-04-29_04-39-35_2023-05-03_03-17-02/000_Motor_1145_21c63886-eff9-4f14-bc0c-6ab8d195e443.png,30117,30117,OK,,1.162,False,1,stop
Apto_2023-04-29_05-32-44_2023-04-29_06-13-23/000_Chassi_1150_cdf5bf35-b5b3-4553-9056-00f5203ebe26.png,9BG148FH0DC416145,9BG148FH0DC416145,OK,,1.377,False,1,stop
Apto_2023-04-29_05-32-44_2023-04-29_06-13-23/000_Motor_1150_534fe6cd-df98-4814-8186-36bb995a9327.png,V1A012358,V1A012358,OK,,1.248,False,1,stop
Apto_2023-04-29_06-14-50_2023-05-04_04-18-14/000_Chassi_1156_af95c277-6808-4c9a-a236-e8ceb91676bc.png,D0302HI035LWBRR,D0302HI035LWBRR,OK,,1.338,False,1,stop
Apto_2023-04-29_06-40-06_2023-05-19_03-04-56/000_Chassi_1157_e9dca605-bdb6-4b2d-8b16-82e3194ab61b.png,9BVN2B2AORE641378,9BVN2B2AORE641378,OK,,1.341,False,1,stop
Apto_2023-04-29_06-40-06_2023-05-19_03-04-56/000_Motor_1157_aa816864-bc4a-4b5d-aaf7-57272e0d5374.png,130835039,130835039,OK,,1.332,False,1,stop
Apto_2023-05-02_04-07-56_2023-05-02_13-16-06/000_Chassi_1165_4c2e8ff8-1324-467a-8df4-2c9c6ee367c0.png,Y021348,Y021348,OK,,1.223,False,1,stop
Apto_2023-05-02_04-07-56_2023-05-02_13-16-06/000_Motor_1165_f8acb1e5-671b-4ba1-b07c-c214627462cc.png,0290493513471360200,0290493513471360200,OK,,1.398,False,1,stop
Apto_2023-05-02_09-16-14_2023-05-03_05-23-28/000_Chassi_1244_30ef8155-609e-48dd-a11c-9599860bbdcd.png,9BWCA05X22P018807,9BWCA05X22P018807,OK,,1.357,False,1,stop
Apto_2023-05-02_09-16-14_2023-05-03_05-23-28/000_Motor_1244_7434fd61-db73-4533-b80f-4e3bc8a2f38c.png,M7P028187,M7P 028 187,OK,,1.296,False,1,stop
Apto_2023-05-02_09-28-18_2023-05-02_11-06-16/000_Chassi_1251_5a40590f-5018-49e1-931f-7458d70a26f6.png,9BCSC19Z02C105467,9BCSC19Z02C105467,OK,,1.341,False,1,stop
Apto_2023-05-02_09-28-18_2023-05-02_11-06-16/000_Motor_1251_575be538-6491-4d84-8e8d-fb410c7dcab7.png,NL0069108,NL0069108,OK,,1.222,False,1,stop
Apto_2023-05-02_10-20-37_2023-05-02_11-20-14/000_Chassi_1265_d15598b5-a2ac-4504-9f4d-d37ddaeb9c28.png,9BWCA05YX2T142923,9BWCA05YX2T142923,OK,,1.392,False,1,stop
Apto_2023-05-02_10-20-37_2023-05-02_11-20-14/000_Motor_1265_b8a010f9-02bb-4667-8861-f3389cb4faab.png,AFZ726597,AFZ726597,OK,,1.254,False,1,stop
Apto_2023-05-02_11-05-49_2023-05-02_12-27-57/000_Chassi_1277_6f7ba8d9-c0fb-47df-a75f-de0d998ba485.png,8AP359A73MII168822,8AP359A73MII168822,OK,,1.411,False,1,stop
Apto_2023-05-02_11-05-49_2023-05-02_12-27-57/000_Motor_1277_47219fd7-8d50-46db-bdb8-63641b327215.png,552736693600593,552736693600593,OK,,1.355,False,1,stop
Apto_2023-05-02_12-12-13_2023-05-02_12-48-48/000_Chassi_1300_7a906b4d-8145-4520-bbc7-86c8f6c67d3b.png,93XHNK3402C221322,93XHNK3402C221322,OK,,1.467,False,1,stop
Apto_2023-05-02_12-12-13_2023-05-02_12-48-48/000_Motor_1300_2d340fc0-3b7f-4056-9a7f-4ed78446b491.png,MT0003063,MT0003063,OK,,1.285,False,1,stop
Apto_2023-05-02_12-35-04_2023-05-02_13-08-48/000_Chassi_1306_81a4b3c0-35a7-4359-9279-ab4681558f62.png,9802780409746689,9802780409746689,OK,,1.464,False,1,stop
Apto_2023-05-02_12-35-04_2023-05-02_13-08-48/000_Motor_1306_25659b16-9c07-4ee5-be4d-24de00a84afa.png,X70509398,X70509398,OK,,1.295,False,1,stop
Apto_2023-05-03_09-46-19_2023-05-03_11-39-13/000_Chassi_1413_0f9608a2-46e6-4bb6-9b90-186e9960a00f.png,9C2N05500TR047782,9C2N05500TR047782,OK,,1.517,False,1,stop
Apto_2023-05-03_09-46-19_2023-05-03_11-39-13/000_Motor_1413_f7ed9f73-11ac-4643-8259-3c24a551b38c.png,MC35E7047752,MC35E-7047752,OK,,1.272,False,1,stop
Apto_2023-05-03_10-53-46_2023-05-03_12-00-38/000_Chassi_1438_78f2ac6c-6100-4226-b89a-30a1795698c3.png,93ZM2APH048700030,93ZM2APH048700030,OK,,1.393,False,1,stop
Apto_2023-05-03_10-53-46_2023-05-03_12-00-38/000_Motor_1438_bac138c7-e7ee-49cf-85b8-1231c994314c.png,821042KA3000832303,821042KA3000832303,OK,,1.396,False,1,stop
Apto_2023-05-04_04-08-02_2023-05-04_09-45-25/000_Chassi_1478_94d3d8f5-e774-4587-9e70-3fc334b145d5.png,943BAS083910030062009,943BAS08391003006+2009,OK,,1.558,False,1,stop
Apto_2023-05-04_04-12-12_2023-05-04_05-48-44/000_Chassi_1479_d7c938cc-dd55-4b29-a3b9-bdf32d8748c7.png,9BSR4X2AD73607142,9BSR4X2AD73607142,OK,,1.578,False,1,stop
Apto_2023-05-04_04-12-12_2023-05-04_05-48-44/000_Motor_1479_f5e80f1f-f09f-4e05-bcd8-3bb34fef7971.png,0123456789,0123456789,OK,,1.331,False,1,stop
Apto_2023-05-04_05-21-55_2023-05-04_09-31-59/000_Chassi_1504_541ce99d-5524-41c9-8eaa-a049632c3dcd.png,8AJBA3CD8H1584206,8AJBA3CD8H1584206,OK,,1.395,False,1,stop
Apto_2023-05-04_05-21-55_2023-05-04_09-31-59/000_Motor_1504_0b5f596f-2de0-449c-992b-b8171fabaf7e.png,1GD4187702,1GD4187702,OK,,1.28,False,1,stop
Apto_2023-05-04_09-23-30_2023-05-04_12-55-46/000_Chassi_1549_18ef7d96-8514-4076-8659-26c51feb9b2b.png,98WCB21J8Y4002938,98WCB21J8Y4002938,OK,,1.377,False,1,stop
Apto_2023-05-04_09-23-30_2023-05-04_12-55-46/000_Motor_1549_95c15247-b460-45a6-b63a-f3273490642a.png,PX002053,PX002053,OK,,1.236,False,1,stop
Apto_2023-05-04_10-01-39_2023-05-04_12-24-47/000_Chassi_1566_36edd723-1823-4646-b652-66f0e054ec65.png,9BVAN60C36E721597,9BVAN60C36E721597,OK,,1.413,False,1,stop
Apto_2023-05-04_10-01-39_2023-05-04_12-24-47/000_Motor_1566_2e7c2656-a228-49ee-b075-71d42e5263c8.png,D12X782043XD1XE,D12X782043XD1XE,OK,,1.4,False,1,stop
Apto_2023-05-04_10-54-12_2023-05-04_11-32-30/000_Chassi_1580_558a0223-7d12-40d3-81c8-bae7a0668b67.png,9B01582286056652,9B01582286056652,OK,,1.461,False,1,stop
Apto_2023-05-04_10-54-12_2023-05-04_11-32-30/000_Motor_1580_ededd81c-6130-48aa-a14c-c825a3cae072.png,1A6EUA1Z00AL,1A6EUA1Z00AL,OK,,1.271,False,1,stop
Apto_2023-05-04_11-35-51_2023-05-04_12-22-30/000_Chassi_1595_389dd562-173a-4e7b-a345-e3fcedb19811.png,9B015822564686126REM1,9B015822564686126REM1,OK,,1.835,False,1,stop
Apto_2023-05-04_11-35-51_2023-05-04_12-22-30/000_Motor_1595_3bed34c0-27d3-4818-8bf7-f6fad31d83fb.png,1F9D9012E53344,1F9D9012E53344,OK,,1.361,False,1,stop
Apto_2023-05-04_12-46-52_2023-05-04_13-33-50/000_Chassi_1607_6d53b9c7-81ab-4617-9d40-e9bd54232ee6.png,9BFZF55AOE8011583,9BFZF55AOE8011583,OK,,1.378,False,1,stop
Apto_2023-05-04_12-46-52_2023-05-04_13-33-50/000_Motor_1607_7a245750-3fb9-4fc2-95db-670b3521a543.png,SMDAES0115830,SMDA-ES0115830,OK,,1.319,False,1,stop
Apto_2023-05-05_06-32-03_2023-05-05_07-14-50/000_Chassi_1644_5fefded0-8e2c-412a-a82e-91c4eb571952.png,3C1050R08193,3C-1050R08193,OK,,1.349,False,1,stop
Apto_2023-05-05_06-32-03_2023-05-05_07-14-50/000_Motor_1644_857f25a6-c235-4e81-9332-264643b17208.png,JC48E3J007805,JC48E3J007805,OK,,1.28,False,1,stop
Apto_2023-05-05_09-36-17_2023-05-05_10-20-31/000_Chassi_1674_197e391c-c81b-41fa-bf92-a4ee2c60b328.png,93XPNK7409C953655,93XPNK7409C953655,OK,,1.423,False,1,stop
Apto_2023-05-05_09-36-17_2023-05-05_10-20-31/000_Motor_1674_838670e8-8633-454a-b1ec-5498c763fb0f.png,4D56CL8802,4D56CL8802,OK,,1.255,False,1,stop
Apto_2023-05-05_10-12-44_2023-05-05_11-20-11/000_Chassi_1686_db2d580e-efb0-4bc0-ac82-3026acd718a1.png,96HGCB13BJPA42756,96HGCB13BJPA42756,OK,,1.347,False,1,stop
Apto_2023-05-05_10-12-44_2023-05-05_11-20-11/000_Motor_1686_73464544-7905-4aa6-b34a-f3558706bdbb.png,HU634940,HU634940,OK,,1.208,False,1,stop
Apto_2023-05-05_10-24-46_2023-05-08_09-04-55/000_Chassi_1693_32bd07cb-5160-49ed-b322-6da0375c1160.png,988228130LK078283,"988228130
LK078283",OK,,1.479,False,1,stop
Apto_2023-05-05_10-24-46_2023-05-08_09-04-55/000_Motor_1693_af52233d-e59c-4e58-a453-05b8332e3884.png,552616748809693,552616748809693,OK,,1.343,False,1,stop
Apto_2023-05-05_11-33-29_2023-05-06_06-19-31/000_Chassi_1709_900d8f93-ee80-4814-b613-3e711b7cb845.png,3BVAEB5A0S165074,3BVAEB5A0S165074,OK,,1.363,False,1,stop
Apto_2023-05-05_11-33-29_2023-05-06_06-19-31/000_Motor_1709_904fae79-b7ee-485d-acfe-2eb89c6cc321.png,T012213576668,T012213576668,OK,,1.367,False,1,stop
Apto_2023-05-05_11-43-39_2023-05-05_12-17-35/000_Chassi_1711_c4747681-e398-4ce3-8a67-ce904a2a573b.png,9BRBD3HE4K0410150,9BRBD3HE4K0410150,OK,,1.396,False,1,stop
Apto_2023-05-05_11-43-39_2023-05-05_12-17-35/000_Motor_1711_6b95fbb9-0c5e-45d4-8c6b-4535ed71d4c5.png,M588024,M588024,OK,,1.261,False,1,stop
Apto_2023-05-06_06-22-54_2023-05-08_03-05-57/000_Chassi_1751_0220cbb5-a73b-4f22-8a1e-24906fbafb4a.png,9BVAS02D0BE780776,9BVAS02D0BE780776,OK,,1.421,False,1,stop
Apto_2023-05-06_06-22-54_2023-05-08_03-05-57/000_Motor_1751_4fa347ed-6682-457a-bb28-388554afd8dc.png,0138484,0138484,OK,,1.29,False,1,stop
Apto_2023-05-08_09-11-31_2023-05-08_09-51-14/000_Chassi_1832_4fcc18c1-716c-4a9f-a4ba-ccbfde985cbc.png,9BG148MHODC498012,9BG148MHODC498012,OK,,1.412,False,1,stop
Apto_2023-05-08_09-11-31_2023-05-08_09-51-14/000_Motor_1832_527d35db-5a54-47d4-bc02-9be8943e7bf6.png,VJAD62,VJAD62,OK,,1.187,False,1,stop
Apto_2023-05-08_09-45-06_2023-05-08_12-49-39/000_Chassi_1845_e22133ef-ff2c-4b21-b8c1-90b061d84329.png,93HFA66407Z207312,93HF A66407Z207312,OK,,1.374,False,1,stop
Apto_2023-05-08_09-45-06_2023-05-08_12-49-39/000_Motor_1845_9734b071-2b4a-4704-ad90-6a59cc884bba.png,R18A6ZZ207304,"R18A6
ZZ207304",OK,,1.286,False,1,stop
Apto_2023-05-08_11-19-43_2023-05-08_12-10-48/000_Chassi_1871_4aef7223-0f6a-44b1-b65d-0410cd51f8b7.png,9BG138BC04C403969,9BG138BC04C403969,OK,,1.409,False,1,stop
Apto_2023-05-08_11-19-43_2023-05-08_12-10-48/000_Motor_1871_46649915-ccca-476e-bbd3-27b354a700b0.png,40704141418,40704141418,OK,,1.288,False,1,stop
Apto_2023-05-08_11-50-09_2023-05-09_11-30-41/000_Chassi_1883_6469616d-e166-4e91-8e6d-d5d392293ca0.png,981YEAR1EX0BL44999,981YEAR1EX0BL44999,OK,,1.315,False,1,stop
Apto_2023-05-08_11-50-09_2023-05-09_11-30-41/000_Motor_1883_fda0eed0-78a5-4d10-b3e8-65e428940b1c.png,36442596,36442596,OK,,1.216,False,1,stop
Apto_2023-05-08_12-17-18_2023-05-09_03-22-07/000_Chassi_1894_1a657964-e261-4474-9cd9-04c76aad8df1.png,BD158,BD158,OK,,1.22,False,1,stop
Apto_2023-05-08_12-17-18_2023-05-09_03-22-07/000_Motor_1894_91b9b103-c0ec-4011-8c36-57426917f847.png,,NOT_FOUND,NOT_FOUND,,1.157,False,1,stop
Apto_2023-05-08_13-06-27_2023-05-08_14-03-38/000_Chassi_1907_ae425c0c-1406-420a-89a7-18a97a86185a.png,9BWZ7730ZSP023248,9BWZ7730ZSP023248,OK,,1.354,False,1,stop
Apto_2023-05-08_13-06-27_2023-05-08_14-03-38/000_Motor_1907_4bf16125-fa1b-4679-881c-4527b371fb4f.png,1876180,1876180,OK,,1.238,False,1,stop
Apto_2023-05-08_13-36-26_2023-05-09_10-01-33/000_Chassi_1910_f663ff2b-893b-44da-8ec2-168c919c87ae.png,8AJFR22G3B4549532,8AJFR22G3B4549532,OK,,1.404,False,1,stop
Apto_2023-05-08_13-36-26_2023-05-09_10-01-33/000_Motor_1910_cd12d529-5cd1-40db-9e22-fbea2aab3e62.png,2KD5275004,2KD5275004,OK,,1.261,False,1,stop
Apto_2023-05-09_03-27-20_2023-05-09_10-20-28/000_Chassi_1912_6ad32fce-822a-4ece-8160-d623af40c7fe.png,LA7GRS61352,LA7GRS61352,OK,,1.237,False,1,stop
Apto_2023-05-09_03-27-20_2023-05-09_10-20-28/000_Motor_1912_17aeaf24-071d-4019-8579-f429d9a9a038.png,02260461095,02260461095,OK,,1.374,False,1,stop
Apto_2023-05-09_03-33-09_2023-05-09_10-23-31/000_Chassi_1913_2f357170-5194-4430-8c93-7e1baf630e68.png,JL32L43SSPPU3964,JL32L43SSPPU3964,OK,,1.399,False,1,stop
Apto_2023-05-09_03-33-09_2023-05-09_10-23-31/000_Motor_1913_e75aa4c9-4d6c-4973-a936-d0bfe8d8b283.png,4D56GQ7170,4D56GQ7170,OK,,1.272,False,1,stop
Apto_2023-05-09_03-49-47_2023-05-09_05-51-08/000_Chassi_1914_c9788228-c70b-4d06-8eab-eb5b13ca119f.png,9BNS45008AE,9BNS45008AE,OK,,1.285,False,1,stop
Apto_2023-05-09_03-49-47_2023-05-09_05-51-08/000_Motor_1914_0c7a0ec7-eadf-424f-873d-de26a35793e5.png,37937589087424,37937589087424,OK,,1.332,False,1,stop
Apto_2023-05-09_04-01-50_2023-05-09_04-53-50/000_Chassi_1915_47fcdf8d-fc65-4378-b99b-95fa0545f8ff.png,9EFET7131LDB44239,9EFET7131LDB44239,OK,,1.353,False,1,stop
Apto_2023-05-09_04-01-50_2023-05-09_04-53-50/000_Motor_1915_45956bf8-5369-4a49-900c-8a8f51a07348.png,22904255935,22904255935,OK,,1.328,False,1,stop
Apto_2023-05-09_06-46-14_2023-05-09_07-32-41/000_Chassi_1962_189805b5-06f2-473b-a7ed-f11996b851e9.png,4N95C1W411763,4N95C1W411763,OK,,1.381,False,1,stop
Apto_2023-05-09_06-46-14_2023-05-09_07-32-41/000_Motor_1962_9c79fd8f-1994-41da-a0e4-8a6ff35225e6.png,KC22E1NO47431,KC22E1NO47431,OK,,1.292,False,1,stop
Apto_2023-05-09_07-02-43_2023-05-09_10-45-43/000_Chassi_1966_1679f73c-ae33-4605-9849-e4e92ee7118d.png,9BG148FKOHG413925,9BG148FKOHG413925,OK,,1.347,False,1,stop
Apto_2023-05-09_07-02-43_2023-05-09_10-45-43/000_Motor_1966_f07404bf-7400-45e8-a10c-134a83541e8f.png,RXA1B2091030,RXA1B2091030,OK,,1.311,False,1,stop
Apto_2023-05-10_04-13-30_2023-05-10_05-21-25/000_Chassi_2065_5894790d-fef4-4281-ad2d-00c58a575479.png,093YHSR2LAFJ6389920,093YHSR2LAFJ6389920,OK,,1.411,False,1,stop
Apto_2023-05-10_04-13-30_2023-05-10_05-21-25/000_Motor_2065_defb9973-9a9c-4f9d-8db1-5f079d8c2ed4.png,F47144,F47144,OK,,1.213,False,1,stop
Apto_2023-05-10_05-23-10_2023-05-10_07-28-07/000_Chassi_2083_345fb558-a3ed-4610-a457-9c5fd7458270.png,98011812081046205,98011812081046205,OK,,1.423,False,1,stop
Apto_2023-05-10_05-23-10_2023-05-10_07-28-07/000_Motor_2083_acba8e15-09f8-4c2a-8e37-7e757dba8a0a.png,,,API_ERROR,"HTTP 500: {""error"":""prediction aborted, token repeat limit reached""}",50.766,False,5,
Apto_2023-05-10_06-24-34_2023-05-11_13-35-12/000_Chassi_2102_8517e16c-197e-4d97-a16a-058548ea01c6.png,9BM345413HB62825,9BM345413HB62825,OK,,1.423,False,1,stop
Apto_2023-05-10_06-24-34_2023-05-11_13-35-12/000_Motor_2102_e7ac1917-2b2d-4e3a-9b94-a1382a26809a.png,SP0307102,SP0307102,OK,,1.275,False,1,stop
Apto_2023-05-10_09-07-37_2023-05-10_11-33-09/000_Chassi_2123_90a795e2-4970-41b3-a0f8-b02e019a5a9c.png,93ZM2APH048700030,93ZM2APH048700030,OK,,1.389,False,1,stop
Apto_2023-05-10_09-07-37_2023-05-10_11-33-09/000_Motor_2123_66276468-f178-4993-af33-16b435404a25.png,821042K300083250,821042K300083250,OK,,1.465,False,1,stop
Apto_2023-05-10_09-12-02_2023-05-11_10-17-57/000_Chassi_2124_b8a227ec-f7d1-4ab2-a87e-fc0f302ce9e7.png,794BG151288V020648XR,794BG151288V020648XR,OK,,1.432,False,1,stop
Apto_2023-05-10_09-15-34_2023-05-11_03-28-38/000_Chassi_2126_67526120-3ad5-43cf-965e-bd6514b24e78.png,91AG126E0P101798,91AG126E0P101798,OK,,1.668,False,1,stop
Apto_2023-05-10_11-09-49_2023-05-11_10-09-15/000_Chassi_2156_0acfe4ab-700f-4fee-b87c-f0827c3ba89a.png,9A9B85030H2DF50772016,9A9B85030H2DF50772016,OK,,1.524,False,1,stop
Apto_2023-05-10_11-14-09_2023-05-11_10-07-42/000_Chassi_2158_b30a79ee-23fd-4f6b-9eba-7aaf794bfc2f.png,9A9S3CBS0H1AH8014,9A9S3CBS0H1AH8014,OK,,1.42,False,1,stop
Apto_2023-05-10_11-35-44_2023-05-10_12-04-07/000_Chassi_2165_44d48f49-6719-48e4-a4e2-90f544d2a3ac.png,9BD17307MC4367138,9BD17307MC4367138,OK,,1.471,False,1,stop
Apto_2023-05-10_11-35-44_2023-05-10_12-04-07/000_Motor_2165_2260add8-e265-43d5-a4d6-30b32c3aca28.png,316321003322,"316321
003322",OK,,1.408,False,1,stop
Apto_2023-05-10_12-47-42_2023-05-10_13-21-14/000_Chassi_2176_f5e11a52-4ffd-468a-aa76-b2fdf1c5b475.png,9C3HJ30R031572,9C3HJ30R031572,OK,,1.388,False,1,stop
Apto_2023-05-10_12-47-42_2023-05-10_13-21-14/000_Motor_2176_b701e129-b613-41ef-9e5d-babe675acf46.png,1C11E2031570,"1C11E2
031570",OK,,1.41,False,1,stop
Apto_2023-05-10_12-55-13_2023-05-11_03-22-33/000_Chassi_2179_3e0e1358-1f24-4640-9607-83628127b791.png,9H021120G1000157,9H021120G1000157,OK,,1.45,False,1,stop
Apto_2023-05-10_13-05-55_2023-05-11_03-23-43/000_Chassi_2182_c61370a2-8334-4f90-80ea-c2cbeb4389cd.png,,NOT_FOUND,NOT_FOUND,,1.231,False,1,stop
Apto_2023-05-11_04-24-51_2023-05-11_05-19-53/000_Chassi_2201_1ce33468-ceb8-488b-bd31-237b952bc570.png,9BD171221E5937562,9BD171221E5937562,OK,,1.453,False,1,stop
Apto_2023-05-11_04-24-51_2023-05-11_05-19-53/000_Motor_2201_bf2ccabf-4929-44fc-8492-103b93ab7e5a.png,,NOT_FOUND,NOT_FOUND,,1.177,False,1,stop
Apto_2023-05-11_04-50-25_2023-05-11_05-16-22/000_Chassi_2211_fe354a81-65f8-4f6c-8f38-f080ab4fdad6.png,9BCSU19F03B133448,9BCSU19F03B133448,OK,,1.417,False,1,stop
Apto_2023-05-11_04-50-25_2023-05-11_05-16-22/000_Motor_2211_5161dc2c-48cb-466d-91d7-e234e34c96d8.png,WAA027296,WAA027296,OK,,1.281,False,1,stop
Apto_2023-05-11_05-31-25_2023-05-11_06-19-26/000_Chassi_2223_58963f2a-23ed-477c-8e62-2f3f4b4015f3.png,93XLNB8TJCH31779,93XLNB8TJCH31779,OK,,1.419,False,1,stop
Apto_2023-05-11_05-31-25_2023-05-11_06-19-26/000_Motor_2223_9d66a9f9-33c9-4aa2-bc35-484571fcf720.png,4M41UCBH1851,"4M41U
CBH1851",OK,,1.385,False,1,stop
Apto_2023-05-11_11-09-07_2023-05-11_13-21-49/000_Chassi_2287_36842220-9c1a-486f-b5fc-39a446efd881.png,9BM958094DB925946,9BM958094DB925946,OK,,1.429,False,1,stop
Apto_2023-05-11_11-09-07_2023-05-11_13-21-49/000_Motor_2287_d0c414b4-4294-47e2-81ef-8abdaf2ab97e.png,9269311073730,926931-1073730,OK,,1.434,False,1,stop
Apto_2023-05-12_04-20-58_2023-05-12_06-51-16/000_Chassi_2328_cd99575c-fee0-48a7-b2d9-f5b223cafb5e.png,0015602A,0015602A,OK,,1.436,False,1,stop
Apto_2023-05-12_04-20-58_2023-05-12_06-51-16/000_Motor_2328_274b322f-d005-4a74-9522-f14f8c38331a.png,14E1011915633,14E1011915633,OK,,1.436,False,1,stop
Apto_2023-05-12_09-15-19_2023-05-12_10-03-46/000_Chassi_2390_4994d1bb-52af-45d7-a8fb-f41a227f4c25.png,9BFZ77557589377231,9BFZ77557589377231,OK,,1.562,False,1,stop
Apto_2023-05-12_09-15-19_2023-05-12_10-03-46/000_Motor_2390_d0c5e2f1-0ae3-4a72-8739-2ae0bbf91a9a.png,KUNA025427X,KUNA025427X,OK,,1.284,False,1,stop
Apto_2023-05-12_10-04-12_2023-05-12_10-56-41/000_Chassi_2401_9124d3af-ed96-43e1-8f66-1825dde387fd.png,9BD281B41NYW74142,9BD281B41NYW74142,OK,,1.451,False,1,stop
Apto_2023-05-12_10-04-12_2023-05-12_10-56-41/000_Motor_2401_9ac6530e-2541-45b4-9d6a-423ad7e41d47.png,552681768001086,552681768001086,OK,,1.375,False,1,stop
Apto_2023-05-12_11-16-53_2023-05-12_12-23-38/000_Chassi_2419_632fe854-6160-4ff0-9667-8a5c617866fb.png,9APB08530V000095,9APB08530V000095,OK,,1.498,False,1,stop
Apto_2023-05-16_04-02-23_2023-05-16_04-47-19/000_Chassi_2566_a6a50875-d664-4b12-8ac1-7600c7d05a3c.png,DEE8BL3HE1J0105013,DEE8BL3HE1J0105013,OK,,1.446,False,1,stop
Apto_2023-05-16_04-02-23_2023-05-16_04-47-19/000_Motor_2566_48b920fa-1b4c-4238-802a-9e064e3debb9.png,2ZRM457749,2ZR M457749,OK,,1.321,False,1,stop
Apto_2023-05-16_04-51-04_2023-05-16_09-55-25/000_Chassi_2573_e00e50e3-6058-4f1b-96da-7930f478d50e.png,WV1DB42H7KAQ29827,WV1DB42H7KAQ29827,OK,,1.415,False,1,stop
Apto_2023-05-16_04-51-04_2023-05-16_09-55-25/000_Motor_2573_c3140b01-af5a-49a4-908e-746d83db1c86.png,,NOT_FOUND,NOT_FOUND,,1.181,False,1,stop
Apto_2023-05-16_06-08-52_2023-05-16_10-01-06/000_Chassi_2594_e77da87d-74f8-4b60-891c-6eac96897ead.png,9BGJC69Z0FB103924,9BGJC69Z0FB103924,OK,,1.393,False,1,stop
Apto_2023-05-16_06-08-52_2023-05-16_10-01-06/000_Motor_2594_2f405ba1-e8e9-4af6-8f9e-242b9a31ac43.png,CM8073062,CM8073062,OK,,1.779,False,1,stop
Apto_2023-05-16_06-57-31_2023-05-16_13-17-36/000_Chassi_2606_0f734f5c-ee85-4aec-97be-20d0e4910f83.png,8AJFY29G8D8542130,8AJFY29G8D8542130,OK,,1.386,False,1,stop
Apto_2023-05-16_06-57-31_2023-05-16_13-17-36/000_Motor_2606_3da776c4-1af5-4d9b-9805-ff691a2a10e4.png,1KDA254389,1KD A254389,OK,,1.271,False,1,stop
Apto_2023-05-16_07-06-21_2023-05-16_11-05-55/000_Chassi_2609_2e40de0e-951a-4694-bb43-e9098bce670e.png,9BB48E5A5109352,9BB48E5A5109352,OK,,1.374,False,1,stop
Apto_2023-05-16_07-06-21_2023-05-16_11-05-55/000_Motor_2609_983a8448-1c4e-452c-bdec-9f0314c9561a.png,1944103,1944103,OK,,1.282,False,1,stop
Apto_2023-05-16_10-09-52_2023-05-17_05-26-02/000_Chassi_2642_0af0a056-6696-4f62-80e7-71e6690a53a9.png,OBWLB05H2EP022554,OBWLB05H2EP022554,OK,,1.362,False,1,stop
Apto_2023-05-16_10-09-52_2023-05-17_05-26-02/000_Motor_2642_532daa7a-062c-43b2-84b3-ad9801463067.png,4906594,4906594,OK,,1.191,False,1,stop
Apto_2023-05-16_11-17-33_2023-05-17_05-14-10/000_Chassi_2660_5aa09daf-3b9a-4a35-933a-f73e7474c383.png,9BRB33BE5P2130485,9BRB33BE5P2130485,OK,,1.446,False,1,stop
Apto_2023-05-16_11-17-33_2023-05-17_05-14-10/000_Motor_2660_722f266e-1f5a-41cf-8a02-e0054d142c2d.png,AC05361M20A1,AC05361M20A1,OK,,1.318,False,1,stop
Apto_2023-05-17_06-09-57_2023-05-17_09-34-19/000_Chassi_2735_9ad0194e-3320-448f-b4d7-07fb11ce2875.png,ZZ9ZZ1A615281,ZZ9ZZ1A615281,OK,,1.339,False,1,stop
Apto_2023-05-17_06-09-57_2023-05-17_09-34-19/000_Motor_2735_a7a5ef14-64ed-4817-b2e9-4408c8724ea4.png,1H2E657,1H2E657,OK,,1.28,False,1,stop
Apto_2023-05-17_11-34-44_2023-05-17_13-37-08/000_Chassi_2800_1b224ae6-3fbe-47b3-9572-8b0d45bc3863.png,9BFLF47PXFB002542,9BFLF47PXFB002542,OK,,1.397,False,1,stop
Apto_2023-05-17_11-34-44_2023-05-17_13-37-08/000_Motor_2800_faeeb641-73dc-4c47-bfce-bae077d8b0fa.png,39644043,39644043,OK,,1.226,False,1,stop
Apto_2023-05-18_04-53-11_2023-05-18_06-32-27/000_Chassi_2827_70d01057-494d-449a-b88d-59d3dd85193f.png,9B027803M9766922,9B027803M9766922,OK,,1.591,False,1,stop
Apto_2023-05-18_04-53-11_2023-05-18_06-32-27/000_Motor_2827_6e0571db-2549-487c-909c-e7030239e65b.png,1234567890,1234567890,OK,,1.3,False,1,stop
Apto_2023-05-18_06-53-54_2023-05-18_07-25-07/000_Chassi_2854_fa61a88f-90eb-40d1-8846-ff01d365c61c.png,9C2ND07006R004866,9C2ND07006R004866,OK,,1.409,False,1,stop
Apto_2023-05-18_06-53-54_2023-05-18_07-25-07/000_Motor_2854_8f245c76-f494-461f-8bab-ff08a7dea375.png,ND07E6004866,ND07E-6004866,OK,,1.368,False,1,stop
Apto_2023-05-18_09-21-12_2023-05-18_10-06-08/000_Chassi_2869_a8a14074-4008-4aea-803c-dd12a42bf535.png,9801582254496000,9801582254496000,OK,,1.478,False,1,stop
Apto_2023-05-18_09-21-12_2023-05-18_10-06-08/000_Motor_2869_7847f0b6-ca62-44bf-bf43-bfdb9cc7f896.png,173090115723006,173090115723006,OK,,1.395,False,1,stop
Apto_2023-05-19_04-19-23_2023-05-19_10-24-24/000_Chassi_2933_899c6c3f-b5ee-4127-87cc-5b59cd8ee556.png,9ADB0902CDM362472,9ADB0902CDM362472,OK,,1.42,False,1,stop
Apto_2023-05-19_04-31-29_2023-05-19_06-49-14/000_Chassi_2935_fee223a9-2800-4b51-a601-8ca61965b86d.png,9BRBDWHE5G0289105,9BRBDWHE5G0289105,OK,,1.412,False,1,stop
Apto_2023-05-19_04-31-29_2023-05-19_06-49-14/000_Motor_2935_91535bfe-9aa0-42c2-b4b7-0fb01ac9fece.png,ZRM340466,ZR M340466,OK,,1.278,False,1,stop
Apto_2023-05-19_09-57-13_2023-05-19_12-53-51/000_Chassi_3021_da055de9-9709-4db5-9aa9-9ba85d236115.png,9BWCA011814069407,9BWCA011814069407,OK,,1.394,False,1,stop
Apto_2023-05-19_09-57-13_2023-05-19_12-53-51/000_Motor_3021_f6a5e0e8-6fb0-4979-811b-0b0abe80d80f.png,,NOT_FOUND,NOT_FOUND,,1.116,False,1,stop
Apto_2023-05-19_11-10-16_2023-05-19_12-47-43/000_Chassi_3042_00562cf1-2433-4fe8-9053-aa76a0a49cda.png,9BGJK69RSRB00072,9BGJK69RSRB00072,OK,,1.646,False,1,stop
Apto_2023-05-19_11-10-16_2023-05-19_12-47-43/000_Motor_3042_a534d7ea-665d-4067-842e-3af88e3aed60.png,BZ0NZ31099531,BZ0NZ31099531,OK,,1.346,False,1,stop
Apto_2023-05-20_06-39-02_2023-05-20_07-40-32/000_Chassi_3084_11434913-e16e-40ac-9df0-250980c2fd07.png,9BVAG30D0EEB23L47,9BVAG30D0EEB23L47,OK,,1.435,False,1,stop
Apto_2023-05-20_06-39-02_2023-05-20_07-40-32/000_Motor_3084_8cacf987-2a15-48e3-b659-0feb5407bf7c.png,013X88778GX,013X88778GX,OK,,1.315,False,1,stop
Apto_2023-05-22_04-21-02_2023-05-22_05-22-05/000_Chassi_3094_39f23c20-2907-4cfe-aab3-2b22140039cc.png,93XSYKL1TKCJ12886,93XSYKL1TKCJ12886,OK,,1.321,False,1,stop
Apto_2023-05-22_04-21-02_2023-05-22_05-22-05/000_Motor_3094_e850a508-d74c-46f3-8c61-6e32bd32d987.png,4N15BAB3119,4N15BAB3119,OK,,1.265,False,1,stop
Apto_2023-05-22_04-28-14_2023-05-22_06-53-12/000_Chassi_3098_5f69aab2-84c9-44db-9a38-b0a21012e8e6.png,93Z52MSH0B8809473,93Z52MSH0B8809473,OK,,1.423,False,1,stop
Apto_2023-05-22_04-28-14_2023-05-22_06-53-12/000_Motor_3098_bb69546c-e7c1-44e6-ba97-8b5b36687528.png,F38E868145802962,F38E868145802962,OK,,1.424,False,1,stop
Apto_2023-05-22_06-01-05_2023-05-22_09-28-11/000_Chassi_3138_740cc4f3-71e4-4308-bcfc-1ec6f16256bc.png,3YHSR3H5KJ757194,3YHSR3H5KJ757194,OK,,1.358,False,1,stop
Apto_2023-05-22_06-01-05_2023-05-22_09-28-11/000_Motor_3138_e17be183-ff61-4d42-8f07-c92e10b1582b.png,OH4MF7350044781,OH4MF7350044781,OK,,1.668,False,1,stop
Apto_2023-05-22_09-29-43_2023-05-22_10-25-03/000_Chassi_3170_e5c984d5-c2b0-4b46-bd20-49595ff23cb7.png,9BG148MHODC473278,9BG148MHODC473278,OK,,1.408,False,1,stop
Apto_2023-05-22_09-29-43_2023-05-22_10-25-03/000_Motor_3170_f8ff27fa-42f3-4ff8-b840-3d3af5464371.png,V1A047373,V1A047373,OK,,1.303,False,1,stop
Apto_2023-05-22_11-01-25_2023-05-22_12-27-43/000_Chassi_3203_13c9bd0d-d4f3-4ad9-b05f-550793eddcc7.png,9BWAB01J694025180,9BWAB01J694025180,OK,,1.474,False,1,stop
Apto_2023-05-22_11-01-25_2023-05-22_12-27-43/000_Motor_3203_96d0b710-e196-4169-b9fb-5021ad6c9136.png,GCRP1037854,GCRP1037854,OK,,1.246,False,1,stop
Apto_2023-05-22_11-24-39_2023-05-22_12-36-14/000_Chassi_3210_f122aa62-4948-4e11-a72a-bab535fdef63.png,98822617C86755,98822617C86755,OK,,1.398,False,1,stop
Apto_2023-05-22_11-24-39_2023-05-22_12-36-14/000_Motor_3210_30179759-2849-411d-8569-dfe4543e1ab2.png,552616748839573,552616748839573,OK,,1.445,False,1,stop
Apto_2023-05-22_12-28-20_2023-06-02_07-42-15/000_Chassi_3232_a4ca641b-6868-46ab-a633-40028ed152b2.png,229080J0053,229080J0053,OK,,1.384,False,1,stop
Apto_2023-05-22_12-28-20_2023-06-02_07-42-15/000_Motor_3232_46e0dc40-688c-4164-b44b-1a7be6a3ac0b.png,PC48E2000658,PC48E2000658,OK,,1.327,False,1,stop
Apto_2023-05-23_05-30-27_2023-05-23_14-18-06/000_Chassi_3266_6c0196b2-955e-4d36-968d-29370ea35c19.png,9BM345413HB762825,9BM345413HB762825,OK,,1.427,False,1,stop
Apto_2023-05-23_05-30-27_2023-05-23_14-18-06/000_Motor_3266_afb9f228-6553-437f-96b6-1938199a86a8.png,SP0307182,SP0307182,OK,,1.261,False,1,stop
Apto_2023-05-23_06-51-22_2023-05-23_09-28-05/000_Chassi_3288_0ed29027-8aef-4d71-ace6-894b3ac3e76e.png,9BGCA8030LB208735,9BGCA8030LB208735,OK,,1.323,False,1,stop
Apto_2023-05-23_06-51-22_2023-05-23_09-28-05/000_Motor_3288_18d08a19-5df1-4ced-9c0c-293b85feb960.png,GK8057084,GK8057084,OK,,1.216,False,1,stop
Apto_2023-05-23_09-15-55_2023-05-23_10-25-30/000_Chassi_3303_1a66193e-48d1-419e-af47-5d5c3465061b.png,321800ROETT23,321800ROETT23,OK,,1.362,False,1,stop
Apto_2023-05-23_09-15-55_2023-05-23_10-25-30/000_Motor_3303_54e891c1-c5e6-42d8-960b-8ce6a0fca395.png,JC70E0M027781,JC70E0M027781,OK,,1.578,False,1,stop
Apto_2023-05-23_09-26-39_2023-05-23_12-03-59/000_Chassi_3306_10af656e-c0c8-4672-851c-774e06c83725.png,9BW2M82T95R566876,9BW2M82T95R566876,OK,,1.43,False,1,stop
Apto_2023-05-23_09-26-39_2023-05-23_12-03-59/000_Motor_3306_89d6dc79-92cb-49ae-8be3-230e2699fb9c.png,38553823,38553823,OK,,1.267,False,1,stop
Apto_2023-05-23_12-04-05_2023-05-23_13-04-20/000_Chassi_3344_2c6504d2-b8cd-4a70-b97b-c5a8eab5d126.png,093YHJD204MJ6354530,093YHJD204MJ6354530,OK,,1.402,False,1,stop
Apto_2023-05-23_12-04-05_2023-05-23_13-04-20/000_Motor_3344_e565fadc-3076-4b48-9ad2-86752c71cab7.png,0H4MG73G,0H4MG73G,OK,,1.294,False,1,stop
Apto_2023-05-23_12-53-32_2023-05-23_13-33-14/000_Chassi_3356_9dc6690d-54e0-4138-9771-af34644ed96d.png,9BD17164LC5766129,9BD17164LC5766129,OK,,1.4,False,1,stop
Apto_2023-05-23_12-53-32_2023-05-23_13-33-14/000_Motor_3356_c166feef-9009-43f1-904b-d3edd318126d.png,1047814,1047814,OK,,1.192,False,1,stop
Apto_2023-05-24_04-12-07_2023-05-24_06-06-51/000_Chassi_3370_8e7128ed-1d4f-4676-9fd2-73d5794b1e48.png,9BVAS02C28E742222,9BVAS02C28E742222,OK,,1.397,False,1,stop
Apto_2023-05-24_04-12-07_2023-05-24_06-06-51/000_Motor_3370_aa10162a-4f6c-4222-8d12-7305b162a43a.png,013812235,013812235,OK,,1.811,False,1,stop
Apto_2023-05-24_04-27-36_2023-05-24_10-51-07/000_Chassi_3374_6a6acddb-2334-410c-9292-991c814dfb70.png,9APB08820KP000101,9APB08820KP000101,OK,,1.979,False,1,stop
Apto_2023-05-24_05-05-41_2023-05-24_06-10-42/000_Chassi_3384_d44105c8-31b8-4bdf-bf15-88229fc90d94.png,8AP372171D6035549,8AP372171D6035549,OK,,1.405,False,1,stop
Apto_2023-05-24_05-05-41_2023-05-24_06-10-42/000_Motor_3384_e9077a8e-1c5a-40f6-9fb5-381f6fc8a94a.png,20200123,20200123,OK,,1.258,False,1,stop
Apto_2023-05-24_09-49-26_2023-05-24_10-21-25/000_Chassi_3424_7a591224-6661-4563-831e-61c066d1c84d.png,9C2HA070WKR016950,9C2HA070WKR016950,OK,,1.368,False,1,stop
Apto_2023-05-24_09-49-26_2023-05-24_10-21-25/000_Motor_3424_d282e8b8-73c6-48b6-8928-a4707db0ad35.png,HAO7EW016450,HAO7E-W016450,OK,,1.268,False,1,stop
Apto_2023-05-24_10-22-02_2023-05-24_11-09-53/000_Chassi_3433_882c8fb0-9277-4d34-94c2-8dca434303fe.png,8AJZX62G9F5011329,8AJZX62G9F5011329,OK,,1.398,False,1,stop
Apto_2023-05-24_10-22-02_2023-05-24_11-09-53/000_Motor_3433_f507bd86-19db-4766-ad23-df6def786a38.png,88433442TR,88433442TR,OK,,1.239,False,1,stop
Apto_2023-05-24_10-56-24_2023-05-24_12-39-51/000_Chassi_3443_b36ad09c-3301-41ea-8342-2c783a697c47.png,4B6443NARRC032874,4B6443NARRC032874,OK,,1.335,False,1,stop
Apto_2023-05-24_10-56-24_2023-05-24_12-39-51/000_Motor_3443_fb604299-5106-4d4d-a515-e06f0162683e.png,SB885B5041712,SB885B5041712,OK,,1.319,False,1,stop
Apto_2023-05-24_11-45-06_2023-05-24_12-07-49/000_Chassi_3457_061a315b-4fcc-44b4-9ee7-ad594670c6f2.png,9BWAB01J6A4012515,9BWAB01J6A4012515,OK,,1.398,False,1,stop
Apto_2023-05-24_11-45-06_2023-05-24_12-07-49/000_Motor_3457_435eef56-64cd-412f-84e4-b063e8fb5827.png,CGR81534,CGR81534,OK,,1.234,False,1,stop
Apto_2023-05-24_12-13-37_2023-05-24_12-52-00/000_Chassi_3462_4db75670-5c00-4a99-8fbf-ef7baac9f5d0.png,9BW5B82U16R623975,9BW5B82U16R623975,OK,,1.47,False,1,stop
Apto_2023-05-24_12-13-37_2023-05-24_12-52-00/000_Motor_3462_3bc317f5-9407-4db8-ba67-b73b517b2091.png,F1A007423,F1A007423,OK,,1.233,False,1,stop
Apto_2023-05-24_12-51-41_2023-05-24_14-05-33/000_Chassi_3474_b9263950-c8e1-4966-88d3-4400907b5804.png,94BG147244R001441,94BG147244R001441,OK,,1.441,False,1,stop
Apto_2023-05-25_03-55-41_2023-05-25_09-49-50/000_Chassi_3487_ba8dabd4-db61-4bf4-b3f3-369c7a89ecef.png,9BVNOA1AGEE004920,9BVNOA1AGEE004920,OK,,1.404,False,1,stop
Apto_2023-05-25_03-55-41_2023-05-25_09-49-50/000_Motor_3487_f4269dbe-c0a0-44ba-b7d7-a4f7b9214f64.png,TD101G113501591,TD101G113501591,OK,,1.431,False,1,stop
Apto_2023-05-25_05-24-17_2023-05-25_09-44-35/000_Chassi_3515_4613ef51-3a6c-4247-b255-419b9ade050c.png,94BL0262LLR005219,94BL0262LLR005219,OK,,1.394,False,1,stop
Apto_2023-05-25_06-32-32_2023-05-25_09-33-27/000_Chassi_3528_0f4a83c8-4dfe-43b5-9dd2-d0773c0195cf.png,9B1FF25LXYD027188,9B1FF25LXYD027188,OK,,1.442,False,1,stop
Apto_2023-05-25_06-32-32_2023-05-25_09-33-27/000_Motor_3528_f941fa55-21c6-4967-a53f-2498a55fc597.png,00000362745,00000362745,OK,,1.327,False,1,stop
Apto_2023-05-25_07-32-41_2023-05-25_10-22-07/000_Chassi_3538_8e4cd15f-b954-4852-9ff9-34958deecedc.png,34504512664274,34504512664274,OK,,1.398,False,1,stop
Apto_2023-05-25_07-32-41_2023-05-25_10-22-07/000_Motor_3538_23c01041-e37e-4066-ae7c-327dc56106de.png,34591510071938,34591510071938,OK,,1.34,False,1,stop
Apto_2023-05-25_10-02-32_2023-05-26_03-17-42/000_Chassi_3561_9fdd1a49-e16b-421c-9c67-f941da7e85f1.png,93ZE2AMH0D8923537,93ZE2AMH0D8923537,OK,,1.401,False,1,stop
Apto_2023-05-25_10-02-32_2023-05-26_03-17-42/000_Motor_3561_95883cbc-92ab-4138-99ee-a3294249a6f6.png,F4A5E881F3081814,F4A5E881F3081814,OK,,1.418,False,1,stop
Apto_2023-05-25_10-36-52_2023-05-25_12-06-25/000_Chassi_3570_d2def2a4-0c24-442e-9893-e85cd1143363.png,9BIHBG51DAEP152971,9BIHBG51DAEP152971,OK,,1.373,False,1,stop
Apto_2023-05-25_10-36-52_2023-05-25_12-06-25/000_Motor_3570_63a7de4f-40d2-466f-a681-22bf954c88dc.png,F4FADUN99479,"F4FA
DUN99479",OK,,1.36,False,1,stop
Apto_2023-05-26_04-44-18_2023-05-26_05-49-49/000_Chassi_3619_48dda703-6645-4d81-92f9-8e7f5737f5bd.png,9ADB0902CDM362472,9ADB0902CDM362472,OK,,1.444,False,1,stop
Apto_2023-05-26_12-20-37_2023-05-29_06-13-19/000_Chassi_3726_86d58ba2-7221-4fd3-a923-1bfd44fbf0fa.png,9ADB0902CDM362472,9ADB0902CDM362472,OK,,1.416,False,1,stop
Apto_2023-05-26_12-44-51_2023-05-26_13-49-40/000_Chassi_3731_6f5ff13a-d461-4c82-a8be-02f5cf1a6f0c.png,30830212009136,30830212009136,OK,,1.353,False,1,stop
Apto_2023-05-26_12-44-51_2023-05-26_13-49-40/000_Motor_3731_5a604f9b-f355-4c97-91e7-6601f9bbbdba.png,3439321009333,3439321009333,OK,,1.377,False,1,stop
Apto_2023-05-26_13-04-03_2023-05-26_13-42-01/000_Chassi_3737_73520181-4d8a-4642-bbf1-7870005aa36e.png,98861110X1K163295,98861110X1K163295,OK,,1.412,False,1,stop
Apto_2023-05-26_13-04-03_2023-05-26_13-42-01/000_Motor_3737_cd47c7f0-cf40-4389-8f74-3784b04f6566.png,E527713572579091,"E5277135
72579091",OK,,1.4,False,1,stop
Apto_2023-05-29_03-46-52_2023-05-29_05-17-11/000_Chassi_3769_b044a697-1c88-462c-9dc7-27f8a32733f9.png,9BD17141322113020,9BD17141322113020,OK,,1.434,False,1,stop
Apto_2023-05-29_03-46-52_2023-05-29_05-17-11/000_Motor_3769_fae4431e-230a-438d-9074-0bdf82a789ab.png,FEDALF18206,FEDALF18206,OK,,1.257,False,1,stop
Apto_2023-05-29_06-24-57_2023-05-29_06-51-59/000_Chassi_3802_6b8cb7af-5e26-44cc-bbcb-fdb78caaeb7f.png,9BD37417D115095479,9BD37417D115095479,OK,,1.428,False,1,stop
Apto_2023-05-29_06-24-57_2023-05-29_06-51-59/000_Motor_3802_1006b491-4d5f-46ab-98a6-a522bd98f049.png,372A00113077557,372A00113077557,OK,,1.541,False,1,stop
Apto_2023-05-29_09-49-15_2023-05-29_10-24-49/000_Chassi_3845_0ed7fffd-6406-4077-80ec-850a8e00ce25.png,8AJBA3CD2H1590549,8AJBA3CD2H1590549,OK,,1.359,False,1,stop
Apto_2023-05-29_09-49-15_2023-05-29_10-24-49/000_Motor_3845_bf95731a-fdc8-430b-bf89-4f9d291f98f4.png,1GDG015495,1GDG015495,OK,,1.251,False,1,stop
Apto_2023-05-29_09-53-36_2023-05-29_11-51-35/000_Chassi_3846_c4eeab1a-533f-4eb4-9f75-2f6639e88aaa.png,9BFZZZ54ZS1721130,9BFZZZ54ZS1721130,OK,,1.398,False,1,stop
Apto_2023-05-29_09-53-36_2023-05-29_11-51-35/000_Motor_3846_19cadca0-c44a-4a3f-b984-6617a756d69e.png,US5E665328,US5E665328,OK,,1.264,False,1,stop
Apto_2023-05-29_11-34-00_2023-05-29_12-09-17/000_Chassi_3872_a420c8ec-c7a2-4090-8f70-edbbcc2eedc6.png,9BHBG41DAGP623974,9BHBG41DAGP623974,OK,,1.416,False,1,stop
Apto_2023-05-29_11-34-00_2023-05-29_12-09-17/000_Motor_3872_02f401e7-f62f-4676-a293-80dce3bc7a65.png,F4FAG114717,"F4FA
G114717",OK,,1.293,False,1,stop
Apto_2023-05-30_04-27-06_2023-05-30_06-56-56/000_Chassi_3915_e83c88e8-da8b-4b02-b5f7-97e7222bffbd.png,9BRK3AAGOR0095957,9BRK3AAGOR0095957,OK,,1.565,False,1,stop
Apto_2023-05-30_04-27-06_2023-05-30_06-56-56/000_Motor_3915_b4f1b383-ab1a-47b6-b1b7-0dcbfd54a699.png,AC53961M20A,AC53961M20A,OK,,1.313,False,1,stop
