Modelo,Tipo,N,Respostas,Falhas_tecnicas,Cobertura_pct,Acertos,Acerto_pct,IC95_inferior,IC95_superior,CER_macro_pct,CER_micro_pct,CER_mediana_pct,N_comum,Acerto_comum_pct,CER_macro_comum_pct,CER_micro_comum_pct,Tempo_medio_respostas_s,Tempo_total_registrado_s,Saidas_maior_100,Com_UNK,Letras_nao_ASCII,Truncadas
EasyOCR,Total,281,281,0,100.0,13,4.6263345195729535,2.4734982332155475,7.092198581560283,43.97677962258243,42.508022710441864,35.294117647058826,91,3.296703296703297,46.265289063446794,43.57414448669201,0.7624306049822064,214.2430000000001,0,0,0,0
EasyOCR,Chassi,149,149,0,100.0,6,4.026845637583893,1.342281879194631,7.382550335570469,35.75356164430384,35.14811849479584,29.411764705882355,48,2.083333333333333,34.81194561157797,32.83018867924528,0.9588993288590606,142.876,0,0,0,0
EasyOCR,Motor,132,132,0,100.0,7,5.303030303030303,2.272727272727273,9.848484848484848,53.25904840109386,54.346426271732135,44.44444444444444,43,4.651162790697675,59.05041663762594,60.0,0.5406590909090908,71.36699999999999,0,0,0,0
PaddleOCR,Total,281,281,0,100.0,55,19.572953736654803,15.277039007092199,24.060498468393202,39.41877976418483,37.34880276474944,23.52941176470588,91,23.076923076923077,39.76423041872298,37.034220532319395,0.34540569395017795,97.05900000000001,0,0,0,0
PaddleOCR,Chassi,149,149,0,100.0,30,20.13422818791946,14.093959731543624,26.845637583892618,27.26995719988219,27.021617293835067,17.647058823529413,48,22.916666666666664,26.651980236539057,25.534591194968552,0.398013422818792,59.30399999999999,0,0,0,0
PaddleOCR,Motor,132,132,0,100.0,25,18.939393939393938,12.878787878787879,25.757575757575758,53.13222341631434,53.96007726980039,51.66666666666666,43,23.25581395348837,54.40116085464922,54.61538461538461,0.2860227272727273,37.754999999999995,0,0,0,0
Qwen,Total,281,91,190,32.38434163701068,27,9.608540925266905,6.006538346687901,13.829787234042554,39.76043546340896,32.62357414448669,11.76470588235294,91,29.67032967032967,39.76043546340896,32.62357414448669,1.8825934065934062,187.95099999999996,1,0,0,1
Qwen,Chassi,149,48,101,32.214765100671144,14,9.395973154362416,5.352348993288592,14.093959731543624,17.260567421413008,15.723270440251572,5.88235294117647,48,29.166666666666668,17.260567421413008,15.723270440251572,2.3693125,121.62600000000005,0,0,0,0
Qwen,Motor,132,43,89,32.57575757575758,13,9.848484848484848,5.303030303030303,15.151515151515152,64.8765672312184,58.46153846153846,30.0,43,30.23255813953488,64.8765672312184,58.46153846153846,1.339279069767442,66.32500000000003,1,0,0,1
Nemotron,Total,281,275,6,97.86476868327402,131,46.619217081850536,40.57945226674919,52.709079888632814,1925.0946579861022,1822.384673556844,5.88235294117647,91,47.25274725274725,3281.528298696204,2532.6235741444866,25.138341818181818,7166.58,6,3,1,0
Nemotron,Chassi,149,146,3,97.98657718120805,70,46.97986577181208,38.92617449664429,55.033557046979865,2060.634018032285,2089.987740089906,5.88235294117647,48,50.0,1666.3600509648302,1710.188679245283,26.110726027397263,3939.160000000002,4,2,0,0
Nemotron,Motor,132,129,3,97.72727272727273,61,46.21212121212121,37.878787878787875,54.54545454545455,1771.6935218098013,1391.578947368421,6.666666666666667,43,44.18604651162791,5084.506807791692,3790.0,24.03781395348837,3227.4199999999996,2,1,1,0
