Pasta,Tipo,Arquivo,Texto_Real,Pred_EasyOCR,CER_Easy,Tempo_Easy,Pred_PaddleOCR,CER_Paddle,Tempo_Paddle,Pred_Qwen,CER_Qwen,Tempo_Qwen,Status_Easy,Status_Paddle,Status_Qwen
Apto_2023-04-22_05-00-33_2023-04-28_05-42-24,Chassi,cropped_422_da4f8a80-24ca-49ef-ba52-05abf028e911.jpg.png,9BD2651JHK9125421,9602651JHK912542,0.17647058823529413,0.8882071000002725,93026511H9125421,0.23529411764705882,0.25637830000005124,9BD2651JHK9125421,0.0,1.3614000000002306,OK,OK,OK
Apto_2023-04-22_05-00-33_2023-04-28_05-42-24,Motor,cropped_422_e3e3c320-cddc-41c9-9c67-896ca534072f.jpg.png,327A0113421213,,1.0,0.0726502999996228,,1.0,0.009042499999850406,1234567890,0.8571428571428571,1.2123360000000503,OK,OK,OK
Apto_2023-04-24_06-45-32_2023-04-24_10-22-03,Chassi,cropped_481_e20e927f-b7cb-4917-a0ec-0bc62c5b1cec.jpg.png,9C2ND1110DR018878,2392NLLYDOX,0.8823529411764706,0.2574098000000049,,1.0,0.08331709999993109,201392ND11100R013979,0.5294117647058824,1.398540099999991,OK,OK,OK
Apto_2023-04-24_06-45-32_2023-04-24_10-22-03,Motor,cropped_481_2bd84f76-b0dd-43f2-8ac7-f7e5a19228ec.jpg.png,ND11E1D018878,MDR808870,0.6153846153846154,0.16335879999996905,NELLER4018878,0.38461538461538464,0.04442770000014207,,,2.8007677000000513,OK,OK,"ResponseError: prediction aborted, token repeat limit reached (status code: 500)"
Apto_2023-04-24_12-33-33_2023-04-24_13-08-09,Chassi,cropped_553_c9ed6d98-716d-44e9-ae2f-96629e3c08d6.jpg.png,9C2PC42108R500145,9CZPC4210SR5001GS,0.23529411764705882,0.5239854000001287,9C2PC42108R500145,0.0,0.294473299999936,9C2PC42108R500145,0.0,1.3248217000000295,OK,OK,OK
Apto_2023-04-24_12-33-33_2023-04-24_13-08-09,Motor,cropped_553_57f26675-5568-43f0-a9ad-0fa02ec6d79b.jpg.png,PC42E8500145,PC42E8500146,0.08333333333333333,0.2680246999998417,PC42E8500145,0.0,0.12736820000009175,PG42E8500145,0.08333333333333333,1.2524576000000707,OK,OK,OK
Apto_2023-04-24_13-33-12_2023-04-24_13-54-02,Chassi,cropped_564_b04d8253-8611-4fd3-8e57-402bf79e639d.jpg.png,98ZCLAS01PG003587,987CLASOIPG903587,0.23529411764705882,0.6062270999996144,987CLA01PG003587,0.11764705882352941,0.43811790000017936,987CLAS01PG003587,0.058823529411764705,1.3184298000001036,OK,OK,OK
Apto_2023-04-25_03-56-20_2023-04-25_04-56-33,Chassi,cropped_567_ed5ccb92-5199-49e2-976d-3d211ddabc22.jpg.png,9BFEXXL38JD69086,BFEXXL38JDB69086,0.125,0.42799829999967187,9BFEXXL38JDB69086,0.0625,0.32650869999997667,9BFEXXL38JDB69086,0.0625,1.2474337000003288,OK,OK,OK
Apto_2023-04-25_03-56-20_2023-04-25_04-56-33,Motor,cropped_567_935ea9a9-a2af-469e-b27c-c8adfc5efad2.jpg.png,22904158393,J0415899,0.45454545454545453,0.09894870000016454,,1.0,0.07548240000005535,12904158993,0.18181818181818182,1.2445761999997558,OK,OK,OK
Apto_2023-04-25_06-08-07_2023-04-25_06-53-54,Chassi,cropped_608_6b55104c-0e1a-475f-a52d-d3dcf576eabd.jpg.png,8AJFY22G6D8007663,8AJFY22G6D8007663,0.0,1.697262299999693,3AJFY22G6D8007663,0.058823529411764705,0.3850868999998056,8AJFY22G6D8007663,0.0,1.4187941000000137,OK,OK,OK
Apto_2023-04-25_06-08-07_2023-04-25_06-53-54,Motor,cropped_608_cb0a6738-0061-4053-ba98-1710ce62067c.jpg.png,1KDA140567,12,0.9,0.8982166999999208,,1.0,0.2899508999998943,1HTDAA40567,0.3,1.2030469999999696,OK,OK,OK
Apto_2023-04-25_06-58-39_2023-04-25_07-30-10,Chassi,cropped_623_87e32cf0-9a24-4f76-8fc4-79f36f9f91a1.jpg.png,9BWAB41J9D4006591,9BWABL1J904006591,0.11764705882352941,0.44587389999969673,9BWAB41J9D4006591,0.0,0.2566090999998778,8BWAB41J9D4006591,0.058823529411764705,1.3340768999996726,OK,OK,OK
Apto_2023-04-25_06-58-39_2023-04-25_07-30-10,Motor,cropped_623_f1715f2f-22d5-4476-b9dc-3f4f5596862a.jpg.png,CCRN95621,,1.0,0.11436860000003435,,1.0,0.0897704000003614,621,0.6666666666666666,1.0979063999998289,OK,OK,OK
Apto_2023-04-25_09-47-08_2023-04-26_13-25-55,Chassi,cropped_648_c76d7c5f-ea2f-4ad8-9096-d499810d19a4.jpg.png,9BM345005JB811458,93M35005JB81258,0.23529411764705882,0.6221995000000788,,1.0,0.17425170000024082,0BM345005JB811458,0.058823529411764705,1.3373351999998704,OK,OK,OK
Apto_2023-04-25_09-47-08_2023-04-26_13-25-55,Motor,cropped_648_ae2a5df2-1364-43b3-a669-df71a6e656d0.jpg.png,344919008520487,520,0.8,0.13213730000006763,,1.0,0.07149770000023636,6M352,0.8666666666666667,1.131171500000164,OK,OK,OK
Apto_2023-04-25_11-08-19_2023-04-25_12-08-01,Chassi,cropped_667_f6953654-9324-4c72-98d0-5e004b8623fd.jpg.png,9BD17122LF7508382,98017122LF7508382,0.11764705882352941,0.9152515999999196,9BD171221F7508382,0.058823529411764705,0.2999205000000984,9BD17122LF7508382,0.0,1.3030460999998468,OK,OK,OK
Apto_2023-04-25_11-08-19_2023-04-25_12-08-01,Motor,cropped_667_c131b0f1-1d5f-45e3-b14c-62b29a38dc02.jpg.png,310A10112344971,,1.0,0.1422685000002275,,1.0,0.07834809999985737,,,2.766095200000109,OK,OK,"ResponseError: prediction aborted, token repeat limit reached (status code: 500)"
Apto_2023-04-25_11-37-37_2023-04-26_04-14-02,Chassi,cropped_676_f8cffc5a-5619-4e57-950d-3c26a39917ef.jpg.png,9BG138HU08C436392,JBG1381U08C436392,0.11764705882352941,0.5606904999999642,9BG13810080436392,0.17647058823529413,0.2705343000002358,3BG1381H08C436392,0.17647058823529413,1.411327799999981,OK,OK,OK
Apto_2023-04-25_11-37-37_2023-04-26_04-14-02,Motor,cropped_676_cf4dc6d7-d7a6-4c08-b40b-330a15db4069.jpg.png,N80021738,4N80021738,0.1111111111111111,0.11020749999988766,N8002173,0.1111111111111111,0.14747089999991658,N80021738,0.0,1.2059540000000197,OK,OK,OK
Apto_2023-04-25_12-26-17_2023-04-26_05-08-34,Chassi,cropped_690_39dc011c-dc00-497f-9708-eb5a1a488ef0.jpg.png,9BWZZZ373WP564123,9BWZZZ373WP564123,0.0,0.5426164000000426,9BWZ77373WP564123,0.11764705882352941,0.4371907999998257,9BWZZ373WP564123,0.058823529411764705,1.2818160000001626,OK,OK,OK
Apto_2023-04-25_12-26-17_2023-04-26_05-08-34,Motor,cropped_690_6bde30bd-e56b-4500-8d99-57745d03106e.jpg.png,AFZ317430,,1.0,0.05724959999997736,,1.0,0.07611300000007759,1234567890,0.8888888888888888,1.227686299999732,OK,OK,OK
Apto_2023-04-26_06-12-39_2023-04-26_07-00-00,Chassi,cropped_745_d4ff87ba-0230-46ef-9aed-7fdac769512c.jpg.png,9C2KC2500KR022922,SOOXR022922,0.5882352941176471,0.5217945999997937,,1.0,0.045421300000271,921510022922,0.4117647058823529,1.314374200000202,OK,OK,OK
Apto_2023-04-26_06-12-39_2023-04-26_07-00-00,Motor,cropped_745_08611ad2-04ce-453d-adce-e34c399416b6.jpg.png,KC25E0K022935,KC2SEOK022935,0.15384615384615385,0.131093299999975,,1.0,0.010294600000179344,K026EOK022935,0.23076923076923078,1.2295773000000736,OK,OK,OK
Apto_2023-04-26_08-40-17_2023-04-26_09-58-28,Chassi,cropped_774_b40decb7-d98d-466e-a231-d53c78838b14.jpg.png,93XJRKB88TACA20894,93XJRKBBTACA20894,0.1111111111111111,0.5044192999998813,93XJRKB8TACA20894,0.05555555555555555,0.4012109000000237,93XJRKB8TACA20894,0.05555555555555555,1.3175310999999965,OK,OK,OK
Apto_2023-04-26_08-40-17_2023-04-26_09-58-28,Motor,cropped_774_e0ddb02a-2eb7-4547-9b55-e2d4fad2ec53.jpg.png,4M41UCAT2776,AT2776,0.5,0.14362349999964863,,1.0,0.09662010000010923,19111976,0.75,1.183852200000274,OK,OK,OK
Apto_2023-04-26_10-35-22_2023-04-26_11-50-57,Chassi,cropped_802_80d52ace-b6e3-4a5e-85b2-c919bf733ee1.jpg.png,9BM979078DS018253,03M97907823018252013,0.4117647058823529,1.8139916000000085,QBM9790780S0182532013,0.35294117647058826,0.5579035999999178,OBM979078DS0182532013,0.29411764705882354,1.4786255999997593,OK,OK,OK
Apto_2023-04-26_10-35-22_2023-04-26_11-50-57,Motor,cropped_802_b92132e1-4eff-419d-9d98-de72f7bcbb23.jpg.png,924990U1078448,724LANR924990U10QWU6,0.8571428571428571,3.4048509999997805,NV7H26WC3HN820TN066H26,1.3571428571428572,0.5572477000000617,924990U1078448,0.0,1.3812776999998277,OK,OK,OK
Apto_2023-04-26_11-23-48_2023-04-26_12-23-24,Chassi,cropped_816_22f78ab7-53cb-49a0-a90b-8694604d2034.jpg.png,9BD27844PD7647949,9B027844P07647949,0.11764705882352941,1.7698458999998365,9BD27844P07647949,0.058823529411764705,0.39906619999965187,9BD27844P07647949,0.058823529411764705,1.358174599999984,OK,OK,OK
Apto_2023-04-26_11-23-48_2023-04-26_12-23-24,Motor,cropped_816_5f5a5f3a-1673-4008-89d8-63c63185c544.jpg.png,370A00112404250,37MA1112404250,0.2,0.8227675000002819,370A00112404250,0.0,0.21447570000009364,37GAD0112404250,0.13333333333333333,1.2699538000001667,OK,OK,OK
Apto_2023-04-26_12-46-21_2023-04-26_14-12-08,Chassi,cropped_840_31217a47-a771-41b6-a4d6-fe87f5d1a879.jpg.png,9BD15822774912892,RUT822760,0.7647058823529411,4.44126099999994,,1.0,0.468950699999823,1001021,0.8235294117647058,1.3312496999997165,OK,OK,OK
Apto_2023-04-26_12-46-21_2023-04-26_14-12-08,Motor,cropped_840_bc13f89c-aea5-4be3-8647-36028ef43874.jpg.png,146E10117304983,73049,0.6666666666666666,1.5761327999998684,,1.0,0.30381079999961,784983,0.6666666666666666,1.1695802999997795,OK,OK,OK
Apto_2023-04-26_14-24-34_2023-04-27_03-57-22,Chassi,cropped_846_af07ed7c-beaa-43cd-aaff-20abe1ae689d.jpg.png,8AP17206LB2202640,84B17206,0.6470588235294118,2.4823074000000815,,1.0,0.2205751000001328,8AP17206B2212640,0.11764705882352941,1.3076247999997577,OK,OK,OK
Apto_2023-04-26_14-24-34_2023-04-27_03-57-22,Motor,cropped_846_42f9f17b-7fce-4b7c-a062-4d5faf3a37c1.jpg.png,310A10110128988,DAIOIL,0.9333333333333333,1.1330642999996599,,1.0,0.27277660000027026,2020123333,0.7333333333333333,1.2149678999999196,OK,OK,OK
Apto_2023-04-26_14-48-55_2023-04-27_03-55-22,Chassi,cropped_847_417775d8-9aef-4b29-b1a8-ec9e14a8199e.jpg.png,9A91JBJEVDXDF9276,8191JBAEVDXDF9276,0.17647058823529413,0.5748843999999735,9A91J3JDXDF9276,0.17647058823529413,0.48206789999994726,9A91JBJEVDXDF9276,0.0,1.2519445000002634,OK,OK,OK
Apto_2023-04-27_04-57-22_2023-04-27_05-43-06,Chassi,cropped_866_ebde44bc-ab84-4c2f-98ae-9210ba570518.jpg.png,9C2KC1680DR313714,ZKLIEBDDR3L,0.7647058823529411,0.947651400000268,,1.0,0.3772856000000502,03520180374,0.6470588235294118,1.26793970000017,OK,OK,OK
Apto_2023-04-27_04-57-22_2023-04-27_05-43-06,Motor,cropped_866_aa038588-f254-41fb-981b-4151c98758c7.jpg.png,KC16E8D313714,6ES,0.8461538461538461,0.20608969999966575,,1.0,0.12705430000005435,1968,0.8461538461538461,1.0946739999999409,OK,OK,OK
Apto_2023-04-27_05-44-12_2023-04-27_06-40-32,Chassi,cropped_886_624a3c8c-d490-48f6-b564-73d73aab731f.jpg.png,8AJBA3CD4H1583103,8AJBASCD4H1583103,0.058823529411764705,2.1832737999998244,8AJBA3004H1583103,0.11764705882352941,0.33355810000011843,8AJBA3CD4H1583103,0.0,1.3915413999998236,OK,OK,OK
Apto_2023-04-27_05-44-12_2023-04-27_06-40-32,Motor,cropped_886_7f9e15bb-c5da-4e0d-bce1-7978f626818b.jpg.png,1GD4180572,,1.0,0.5844352999997682,,1.0,0.16413199999988137,19572,0.6,1.1237722999999278,OK,OK,OK
Apto_2023-04-27_09-54-47_2023-04-27_12-09-47,Chassi,cropped_951_8aec5495-238c-478a-836d-e4fce46af040.jpg.png,9BWN172S17R715536,9BMN1725171713566,0.29411764705882354,0.47686290000001463,9BWN172S17R715536,0.0,0.2890630999995665,9BWN172S17RZ015556,0.17647058823529413,1.3740120000002207,OK,OK,OK
Apto_2023-04-27_09-54-47_2023-04-27_12-09-47,Motor,cropped_951_0c202833-a3d0-4967-8fca-954a91ce5df5.jpg.png,G1T099340,C1TD99344,0.3333333333333333,0.22372249999989435,GA109934,0.3333333333333333,0.2398699000000306,GT0974R,0.4444444444444444,1.1445543000004363,OK,OK,OK
Apto_2023-04-27_11-18-07_2023-04-27_12-10-47,Chassi,cropped_979_7ab67e57-ac2d-4ddd-b19f-926b46a33a4e.jpg.png,93KP0E0CXBE127828,9OKPOEOCXBE127828,0.17647058823529413,0.6075111000000106,93KP0E0CXBE127828,0.0,0.5032510000000912,93KPOEOCXBE127828,0.11764705882352941,1.2782343999997465,OK,OK,OK
Apto_2023-04-27_11-18-07_2023-04-27_12-10-47,Motor,cropped_979_2ac4a30e-0d4a-4d59-8922-0046e7feeec8.jpg.png,F1A057931,,1.0,0.054677100000390055,,1.0,0.0778374999999869,MAB7931,0.4444444444444444,1.1042726000000584,OK,OK,OK
Apto_2023-04-27_11-55-56_2023-04-27_12-44-06,Chassi,cropped_986_2dbdff17-ce65-4e56-a243-f1f245ee63aa.jpg.png,9BG148MK0PC421454,1BCI4ZMK0PC421454,0.23529411764705882,0.6003172000000632,98G148MK0PC421457,0.11764705882352941,0.41495649999978923,9BG14ZMKOPC421454,0.11764705882352941,1.2696701999998368,OK,OK,OK
Apto_2023-04-27_11-55-56_2023-04-27_12-44-06,Motor,cropped_986_4e62c985-c40e-4658-abce-5c968a82d780.jpg.png,LWNF222431101,43110,0.6153846153846154,0.1721410999998625,10,0.8461538461538461,0.12308600000005754,F222431101,0.23076923076923078,1.1866388000003099,OK,OK,OK
Apto_2023-04-27_12-58-03_2023-04-27_13-23-37,Chassi,cropped_996_9610c11a-d6fc-4795-8912-fd6e44a3eadb.jpg.png,9BD341A8CJY487532,GVUSH54TALJY488753,0.6470588235294118,0.8753169000001435,980341480JY487537,0.29411764705882354,0.301596199999949,9BD347A8CJY487537,0.11764705882352941,1.3545374999998785,OK,OK,OK
Apto_2023-04-27_12-58-03_2023-04-27_13-23-37,Motor,cropped_996_5b169268-d7fa-40b4-a75e-1d5c806373c3.jpg.png,552680237090514,,1.0,0.09389039999996385,,1.0,0.07824650000020483,213632,0.8666666666666667,1.155040099999951,OK,OK,OK
Apto_2023-04-28_04-45-51_2023-04-28_06-16-28,Chassi,cropped_1021_a6c51fce-4846-46f1-b436-e3b8f7346b66.jpg.png,9BM386043LB881079,9BM38604311388,0.4117647058823529,1.197953100000177,3860430884,0.5294117647058824,0.5121475999999348,9BM386043LB881070,0.058823529411764705,1.377690000000257,OK,OK,OK
Apto_2023-04-28_04-45-51_2023-04-28_06-16-28,Motor,cropped_1021_c9c59f94-f286-44ed-89cc-fe6a89da4a59.jpg.png,37695510050012,OM366A376966210050012,0.6428571428571429,2.2237982000001466,OM36687696610050012,0.5,0.5270186000002468,OM366A37695510050013,0.5,1.5201696000003722,OK,OK,OK
Apto_2023-04-28_06-29-13_2023-05-04_11-16-56,Chassi,cropped_1057_0b8b1a28-c076-44f9-91cb-f87dc60ccfd8.jpg.png,9BD195162C0335136,920195162C0335136,0.11764705882352941,1.3361384999998336,930195162C0335136,0.11764705882352941,0.3446236999998291,9BD195162C0335136,0.0,1.3157082000002447,OK,OK,OK
Apto_2023-04-28_06-29-13_2023-05-04_11-16-56,Motor,cropped_1057_e2031d19-8e5e-48c8-8f38-5c65b7780d55.jpg.png,310A10110835484,,1.0,0.6247725000002902,,1.0,0.11297930000000633,20230523,0.8,1.1983868000002076,OK,OK,OK
Apto_2023-04-28_09-52-53_2023-04-28_10-34-06,Chassi,cropped_1099_06ffe2f2-44b3-4251-96d5-2ac69a2cab0d.jpg.png,9BD341A5XKY581221,9E034145XKY581221,0.17647058823529413,1.4624558999998953,9BD341A5XKY581221,0.0,0.42230400000016743,9BD341A5XKY581221,0.0,1.3374985999998898,OK,OK,OK
Apto_2023-04-28_09-52-53_2023-04-28_10-34-06,Motor,cropped_1099_bb957116-766f-4edf-8cd9-7e66e2845c4a.jpg.png,552720663358420,84,0.8666666666666667,1.3526991999997335,,1.0,0.15590060000022277,2016,0.8,1.1644725999999537,OK,OK,OK
Apto_2023-04-28_10-35-38_2023-04-28_10-59-37,Chassi,cropped_1111_56edaebd-b3e0-49a6-b4ed-a76e3059e500.jpg.png,8AJHA3CD9K2073177,8AJHARCDIK2073177,0.11764705882352941,0.33774240000002465,8AJHA3CD9K2073177,0.0,0.3071650000001682,8AJHA3CD9K2073177,0.0,1.2896378000000368,OK,OK,OK
Apto_2023-04-28_10-35-38_2023-04-28_10-59-37,Motor,cropped_1111_6e1ae0b3-c715-4a66-856c-5e3a45e28cd2.jpg.png,1GD4529771,TGDL5LSTT,0.7,0.15837880000026416,,1.0,0.09615340000027572,12075075,0.7,1.1588850999996794,OK,OK,OK
Apto_2023-04-28_11-01-34_2023-04-28_12-18-56,Chassi,cropped_1116_5c4a4b01-bf5b-415e-8244-9be10cd71e96.jpg.png,93XHNK7407C628172,93XHNK7L07C628172,0.058823529411764705,0.5854927000000316,93XHNK7407C628172,0.0,0.45495740000023943,93XHNK7407G628172,0.058823529411764705,1.351942699999654,OK,OK,OK
Apto_2023-04-28_11-01-34_2023-04-28_12-18-56,Motor,cropped_1116_6b8ef3de-aac8-437d-9f21-97c3fa448ffa.jpg.png,4D56CG5676,6,0.9,0.316069299999981,,1.0,0.09445150000010472,456716,0.6,1.1583114000000023,OK,OK,OK
Apto_2023-04-28_11-13-49_2023-04-28_12-53-10,Chassi,cropped_1122_53600423-64c9-4856-87ef-f8e450661185.jpg.png,9BFYTNYT5YDB62466,9BTNY15Y0B52466,0.29411764705882354,1.9989550000000236,9B1YTNYT5YDB52466,0.11764705882352941,0.5436786000000211,9BYTNYT5YDB52466,0.11764705882352941,1.3143021999999291,OK,OK,OK
Apto_2023-04-28_11-13-49_2023-04-28_12-53-10,Motor,cropped_1122_603f4784-64d3-46d6-bdba-bd3275d69df3.jpg.png,30462664,30462664,0.0,1.1643914999999652,30462664,0.0,0.2475177999999687,30462664,0.0,1.1935438000000431,OK,OK,OK
Apto_2023-04-28_11-38-29_2023-04-28_12-15-55,Chassi,cropped_1127_5f4291e1-da0d-4346-a5fd-8c19dfecc63d.jpg.png,9C2JC4830KR402409,CTOTRU3DKRUOZU,0.7647058823529411,0.7457896000000801,2013,0.8823529411764706,0.3242078000002948,20130930KR402470,0.5294117647058824,1.3519455000000562,OK,OK,OK
Apto_2023-04-28_11-38-29_2023-04-28_12-15-55,Motor,cropped_1127_2e875024-e1f7-452b-808b-e442f5139bcf.jpg.png,JC48E3K402434,JCE3K402434,0.15384615384615385,0.3507228999997096,JCI8E3K402434,0.07692307692307693,0.2007063000000926,JC48ESK402434,0.07692307692307693,1.224460700000236,OK,OK,OK
Apto_2023-04-28_12-20-17_2023-04-28_12-57-20,Chassi,cropped_1135_ada532f4-b5f9-4600-ac69-07844e5bb87b.jpg.png,9BWKB05U5BP192627,9BVKBO5U58R192627,0.23529411764705882,0.5090042000001631,98VR805U53P192627,0.29411764705882354,0.3011108000000604,9BWKB05U5BP192627,0.0,1.3030322999998134,OK,OK,OK
Apto_2023-04-28_12-20-17_2023-04-28_12-57-20,Motor,cropped_1135_822e52be-c910-406e-90da-7c2aa4f14091.jpg.png,CCRL08099,GEN203,0.8888888888888888,0.21426399999973,203,0.8888888888888888,0.21679130000029545,GARRETT203,1.0,1.176904899999954,OK,OK,OK
Apto_2023-04-28_13-19-48_2023-04-28_13-58-17,Chassi,cropped_1141_df01303b-0cef-4f65-a9d6-550137eedbcc.jpg.png,9BD15804AD6848461,9804684LE,0.5882352941176471,0.5199196999997184,,1.0,0.10746569999992062,1311504,0.7647058823529411,1.1368246000001818,OK,OK,OK
Apto_2023-04-28_13-19-48_2023-04-28_13-58-17,Motor,cropped_1141_ff764288-974f-40e9-8410-2e263559e0e7.jpg.png,146E10111564252,6EJ0L1,0.7333333333333333,0.18761350000022503,,1.0,0.11165889999983847,1234567890,0.8,1.2151951000000736,OK,OK,OK
Apto_2023-04-29_04-39-35_2023-05-03_03-17-02,Chassi,cropped_1145_ebe73d63-8d37-4dcd-96d5-7f4161a82702.jpg.png,9BSR6X4A0Y3520961,9BSROXKAOY3520961,0.17647058823529413,3.4515215000001263,9BSR6X4A0209617,0.23529411764705882,0.41740900000013426,9BSR6X4A01YB20961,0.17647058823529413,1.4256165000001602,OK,OK,OK
Apto_2023-04-29_04-39-35_2023-05-03_03-17-02,Motor,cropped_1145_21c63886-eff9-4f14-bc0c-6ab8d195e443.jpg.png,8001173,,1.0,2.2988227999999253,,1.0,0.40505179999991014,3157,0.7142857142857143,1.177428399999826,OK,OK,OK
Apto_2023-04-29_05-32-44_2023-04-29_06-13-23,Chassi,cropped_1150_cdf5bf35-b5b3-4553-9056-00f5203ebe26.jpg.png,9BG148FH0DC416145,9BG14FHODC416145,0.11764705882352941,1.6085203999996338,9BG148FH0DC416145,0.0,0.3421992000003229,9BG148FHODC416145,0.058823529411764705,1.3653967000000193,OK,OK,OK
Apto_2023-04-29_05-32-44_2023-04-29_06-13-23,Motor,cropped_1150_534fe6cd-df98-4814-8186-36bb995a9327.jpg.png,V1A012358,V1A012358,0.0,0.4705818000002182,V1A012358,0.0,0.2495521999999255,V1A012358,0.0,1.2073296999997183,OK,OK,OK
Apto_2023-04-29_06-14-50_2023-05-04_04-18-14,Chassi,cropped_1156_af95c277-6808-4c9a-a236-e8ceb91676bc.jpg.png,00302HI,0U3024KLWERR,1.1428571428571428,0.6653119999996306,CO5LWBRR,1.1428571428571428,0.5162542000002759,D0302HI035LWBRR,1.2857142857142858,1.277478500000143,OK,OK,OK
Apto_2023-04-29_06-40-06_2023-05-19_03-04-56,Chassi,cropped_1157_e9dca605-bdb6-4b2d-8b16-82e3194ab61b.jpg.png,9BVN2B2A0RE641378,9BVNZBZAORE641378,0.17647058823529413,1.4406364999999823,VN2B2A0R0641578,0.23529411764705882,0.17500529999961145,89BN2B2AORE641378,0.17647058823529413,1.3721003000000564,OK,OK,OK
Apto_2023-04-29_06-40-06_2023-05-19_03-04-56,Motor,cropped_1157_aa816864-bc4a-4b5d-aaf7-57272e0d5374.jpg.png,TD102FS130835039,T0102F30835039,0.1875,1.737598799999887,T0102FS3083503,0.1875,0.2873070999999072,TB102FS30835039,0.125,1.3817341999997552,OK,OK,OK
Apto_2023-05-02_04-07-56_2023-05-02_13-16-06,Chassi,cropped_1165_4c2e8ff8-1324-467a-8df4-2c9c6ee367c0.jpg.png,V021948,4021948,0.14285714285714285,0.3307205000000977,1021348,0.2857142857142857,0.1578798000000461,N021948,0.14285714285714285,1.1662626000002092,OK,OK,OK
Apto_2023-05-02_04-07-56_2023-05-02_13-16-06,Motor,cropped_1165_f8acb1e5-671b-4ba1-b07c-c214627462cc.jpg.png,02290499613MT1360200,5131T1360200,0.5,0.13940380000030927,,1.0,0.09187049999991359,0250406134160200,0.35,1.3100905000001148,OK,OK,OK
Apto_2023-05-02_09-16-14_2023-05-03_05-23-28,Chassi,cropped_1244_30ef8155-609e-48dd-a11c-9599860bbdcd.jpg.png,9BWCA05X22P018807,9BWCA05X22P01880,0.058823529411764705,1.2618250000000444,9BWCA05X22P01880,0.058823529411764705,0.23006789999999455,9BWCA05X22PD188078,0.11764705882352941,1.3613218999998935,OK,OK,OK
Apto_2023-05-02_09-16-14_2023-05-03_05-23-28,Motor,cropped_1244_7434fd61-db73-4533-b80f-4e3bc8a2f38c.jpg.png,AZP020167,,1.0,1.2114079999996648,,1.0,0.321972299999743,A7P87B167,0.4444444444444444,1.2744112999998833,OK,OK,OK
Apto_2023-05-02_09-28-18_2023-05-02_11-06-16,Chassi,cropped_1251_5a40590f-5018-49e1-931f-7458d70a26f6.jpg.png,9BGSC19Z02C105467,9BG5C19Z02C10546,0.11764705882352941,0.35735680000016146,9865C19202C105467,0.23529411764705882,0.3002478999997038,9BCSC19Z02C105467,0.058823529411764705,1.2910084999998617,OK,OK,OK
Apto_2023-05-02_09-28-18_2023-05-02_11-06-16,Motor,cropped_1251_575be538-6491-4d84-8e8d-fb410c7dcab7.jpg.png,NL0069108,ML0069108,0.1111111111111111,0.1119767000000138,NL0069108,0.0,0.17853999999988446,NL0069108,0.0,1.175088400000277,OK,OK,OK
Apto_2023-05-02_10-20-37_2023-05-02_11-20-14,Chassi,cropped_1265_d15598b5-a2ac-4504-9f4d-d37ddaeb9c28.jpg.png,9BWCA05YX2T142923,9BWCAOSYXZT1L2923,0.23529411764705882,1.6009515000000647,9BWCA05YX2T142923,0.0,0.33471389999976964,9BWCA05YX2TA42923,0.058823529411764705,1.3430444000000534,OK,OK,OK
Apto_2023-05-02_10-20-37_2023-05-02_11-20-14,Motor,cropped_1265_b8a010f9-02bb-4667-8861-f3389cb4faab.jpg.png,AFZ726597,AFZ26M,0.4444444444444444,1.8799544000003152,726597,0.3333333333333333,0.33468989999983023,AFZ726597,0.0,1.2801967000000332,OK,OK,OK
Apto_2023-05-02_11-05-49_2023-05-02_12-27-57,Chassi,cropped_1277_6f7ba8d9-c0fb-47df-a75f-de0d998ba485.jpg.png,8AP359A73MU168822,54P359473MI163822,0.29411764705882354,2.4212148999999954,SAP359A73MII168822,0.17647058823529413,0.38541880000002493,8AP359A73M1168822,0.058823529411764705,1.44215290000011,OK,OK,OK
Apto_2023-05-02_11-05-49_2023-05-02_12-27-57,Motor,cropped_1277_47219fd7-8d50-46db-bdb8-63641b327215.jpg.png,552736693800593,552736693800593,0.0,0.829907600000297,552736693800593,0.0,0.25726629999962825,552736693800593,0.0,1.3146861000000172,OK,OK,OK
Apto_2023-05-02_12-12-13_2023-05-02_12-48-48,Chassi,cropped_1300_7a906b4d-8145-4520-bbc7-86c8f6c67d3b.jpg.png,93XHNK340C221322,93XHNK37020221322,0.1875,1.6804243999999926,93XHNK3402C221322,0.0625,0.19273819999989428,93XHNK34020221322,0.125,1.4462312000000566,OK,OK,OK
Apto_2023-05-02_12-12-13_2023-05-02_12-48-48,Motor,cropped_1300_2d340fc0-3b7f-4056-9a7f-4ed78446b491.jpg.png,MT0003063,038386,0.6666666666666666,1.8681415000000925,MTOO03063,0.2222222222222222,0.22500219999983528,MT0003063,0.0,1.2364231999999902,OK,OK,OK
Apto_2023-05-02_12-35-04_2023-05-02_13-08-48,Chassi,cropped_1306_81a4b3c0-35a7-4359-9279-ab4681558f62.jpg.png,9BD27804D97166897,9BD2I802097F5689,0.35294117647058826,1.6796180999999706,9802780409756997,0.35294117647058826,0.3170110000000932,9802780409716689,0.23529411764705882,1.3710065999998733,OK,OK,OK
Apto_2023-05-02_12-35-04_2023-05-02_13-08-48,Motor,cropped_1306_25659b16-9c07-4ee5-be4d-24de00a84afa.jpg.png,X70509398,X70509398,0.0,1.0958791000002748,X70509398,0.0,0.3983795000003738,X70509398,0.0,1.264973700000155,OK,OK,OK
Apto_2023-05-03_09-46-19_2023-05-03_11-39-13,Chassi,cropped_1413_0f9608a2-46e6-4bb6-9b90-186e9960a00f.jpg.png,9C2MC35007R047752,SOOTRU4,0.8823529411764706,1.465609299999869,,1.0,0.19186949999993885,YCSNCS507047755,0.4117647058823529,1.2799055999998927,OK,OK,OK
Apto_2023-05-03_09-46-19_2023-05-03_11-39-13,Motor,cropped_1413_f7ed9f73-11ac-4643-8259-3c24a551b38c.jpg.png,MC35E7047752,HC35E7047762,0.16666666666666666,0.9855924999997114,MC35E1047752,0.08333333333333333,0.270918900000197,HC35E7047752,0.08333333333333333,1.2091518000001997,OK,OK,OK
Apto_2023-05-03_10-53-46_2023-05-03_12-00-38,Chassi,cropped_1438_78f2ac6c-6100-4226-b89a-30a1795698c3.jpg.png,93ZM2APH048700030,93ZM2APH048700030,0.0,1.6412837999996555,937M2APH048700030,0.058823529411764705,0.5988176999999268,93ZM2APH048700030,0.0,1.364519300000211,OK,OK,OK
Apto_2023-05-03_10-53-46_2023-05-03_12-00-38,Motor,cropped_1438_bac138c7-e7ee-49cf-85b8-1231c994314c.jpg.png,821042KA3000834399,INT821042KA3000832303,0.3333333333333333,2.0535995000000185,RI821042KA3000832303,0.2777777777777778,0.17077489999974205,821042K3000832303,0.2222222222222222,1.4478603999996267,OK,OK,OK
Apto_2023-05-04_04-08-02_2023-05-04_09-45-25,Chassi,cropped_1478_94d3d8f5-e774-4587-9e70-3fc334b145d5.jpg.png,943BAS08391003006,943B03083910030062009,0.35294117647058826,1.3385769999999866,14388803391001300693000,0.6470588235294118,0.10385029999997641,943BA90E3910030062009,0.35294117647058826,1.4711111999999957,OK,OK,OK
Apto_2023-05-04_04-12-12_2023-05-04_05-48-44,Chassi,cropped_1479_d7c938cc-dd55-4b29-a3b9-bdf32d8748c7.jpg.png,9BSR4X2A073607142,PBSRLXZAO7360712,0.29411764705882354,1.9688842999998997,9BSR4X2A073607142,0.0,0.5177137999999104,9BSR4X2A073607142,0.0,1.3986586000000898,OK,OK,OK
Apto_2023-05-04_04-12-12_2023-05-04_05-48-44,Motor,cropped_1479_f5e80f1f-f09f-4e05-bcd8-3bb34fef7971.jpg.png,8088274,0,0.8571428571428571,1.14616500000011,,1.0,0.15151220000007015,502017,0.7142857142857143,1.1841973000000507,OK,OK,OK
Apto_2023-05-04_05-21-55_2023-05-04_09-31-59,Chassi,cropped_1504_541ce99d-5524-41c9-8eaa-a049632c3dcd.jpg.png,8AJBA3CD8H1584206,SAJBA3CD8H1584206,0.058823529411764705,2.3995122000001174,8AJBA3CD8H1584206,0.0,0.1620241000000533,8AJBA3CD8H1584206,0.0,1.4125249999997322,OK,OK,OK
Apto_2023-05-04_05-21-55_2023-05-04_09-31-59,Motor,cropped_1504_0b5f596f-2de0-449c-992b-b8171fabaf7e.jpg.png,1GD4187702,GD187702,0.2,1.5952242000003025,GD701187,0.7,0.31004600000005667,1GD4187702,0.0,1.2702762000003531,OK,OK,OK
Apto_2023-05-04_09-23-30_2023-05-04_12-55-46,Chassi,cropped_1549_18ef7d96-8514-4076-8659-26c51feb9b2b.jpg.png,9BWCB21J8Y4002938,9BWCB21J8Y4002938,0.0,1.4783178000002408,98WCB2118Y4002938,0.11764705882352941,0.402755299999626,9BWC82118Y4002938,0.11764705882352941,1.3932210999996641,OK,OK,OK
Apto_2023-05-04_09-23-30_2023-05-04_12-55-46,Motor,cropped_1549_95c15247-b460-45a6-b63a-f3273490642a.jpg.png,APK002053,APK002053,0.0,0.9146767000002001,PK002053,0.1111111111111111,0.277245899999798,APK002053,0.0,1.1898128000002544,OK,OK,OK
Apto_2023-05-04_10-01-39_2023-05-04_12-24-47,Chassi,cropped_1566_36edd723-1823-4646-b652-66f0e054ec65.jpg.png,9BVAN60C36E721597,98VANGOC36E721597,0.17647058823529413,1.2630177000000913,98VAN60C36E721597,0.058823529411764705,0.21199810000007346,9BVAN60C36E721597,0.0,1.4000786999999946,OK,OK,OK
Apto_2023-05-04_10-01-39_2023-05-04_12-24-47,Motor,cropped_1566_2e7c2656-a228-49ee-b075-71d42e5263c8.jpg.png,D12782043D1E,3XD1,0.8333333333333334,1.2931816999998773,,1.0,0.30546940000022005,01278204301,0.25,1.4112771999998586,OK,OK,OK
Apto_2023-05-04_10-54-12_2023-05-04_11-32-30,Chassi,cropped_1580_558a0223-7d12-40d3-81c8-bae7a0668b67.jpg.png,9BD15822786056652,80458220566,0.5294117647058824,5.074319999999716,,1.0,0.42263309999998455,98D1582286056652,0.11764705882352941,1.4210067000003619,OK,OK,OK
Apto_2023-05-04_10-54-12_2023-05-04_11-32-30,Motor,cropped_1580_ededd81c-6130-48aa-a14c-c825a3cae072.jpg.png,146E10117904711,CE6,0.9333333333333333,1.9094734000000244,,1.0,0.1711673999998311,1234567890,0.8,1.2591575000001285,OK,OK,OK
Apto_2023-05-04_11-35-51_2023-05-04_12-22-30,Chassi,cropped_1595_389dd562-173a-4e7b-a345-e3fcedb19811.jpg.png,9BD15822564686126,9BIT682256ER,0.5882352941176471,5.92909039999995,9801582256126REM,0.47058823529411764,0.6149469000001773,9B01582256438F128REM,0.4117647058823529,1.5062717999999222,OK,OK,OK
Apto_2023-05-04_11-35-51_2023-05-04_12-22-30,Motor,cropped_1595_3bed34c0-27d3-4818-8bf7-f6fad31d83fb.jpg.png,178D90116382344,178D,0.7333333333333333,1.593688700000257,,1.0,0.18406819999972868,19091989,0.6666666666666666,1.226554600000327,OK,OK,OK
Apto_2023-05-04_12-46-52_2023-05-04_13-33-50,Chassi,cropped_1607_6d53b9c7-81ab-4617-9d40-e9bd54232ee6.jpg.png,9BFZF55A0E8011583,9BFZF5540E8011583,0.058823529411764705,2.357301400000324,9BFZF55A0E8011583,0.0,0.19582620000028328,9DFZF55AQE8011583,0.11764705882352941,1.3732223999995767,OK,OK,OK
Apto_2023-05-04_12-46-52_2023-05-04_13-33-50,Motor,cropped_1607_7a245750-3fb9-4fc2-95db-670b3521a543.jpg.png,SM9AE8011583,SMI5830,0.6666666666666666,3.7677960000000894,SM9AE80115830,0.08333333333333333,0.3122849999999744,SMD150115830,0.4166666666666667,1.315175299999737,OK,OK,OK
Apto_2023-05-05_06-32-03_2023-05-05_07-14-50,Chassi,cropped_1644_5fefded0-8e2c-412a-a82e-91c4eb571952.jpg.png,9C2JC4830JR008198,PO09IS,0.9411764705882353,3.3353249000001597,,1.0,0.5315863999999237,3C10180190974,0.7647058823529411,1.3581208999999035,OK,OK,OK
Apto_2023-05-05_06-32-03_2023-05-05_07-14-50,Motor,cropped_1644_857f25a6-c235-4e81-9332-264643b17208.jpg.png,JC48E3J007805,JC48E3J007805,0.0,1.1959559000001718,JC48E3J007805,0.0,0.2818659000004118,JC48E3007805,0.07692307692307693,1.245559299999968,OK,OK,OK
Apto_2023-05-05_09-36-17_2023-05-05_10-20-31,Chassi,cropped_1674_197e391c-c81b-41fa-bf92-a4ee2c60b328.jpg.png,93XPNK7409C953655,93XPNK7L09C953652,0.11764705882352941,0.9980510000000322,3XPNK7409C95365,0.11764705882352941,0.5386094000000412,93XPNK7409C953655,0.0,1.3459947999999713,OK,OK,OK
Apto_2023-05-05_09-36-17_2023-05-05_10-20-31,Motor,cropped_1674_838670e8-8633-454a-b1ec-5498c763fb0f.jpg.png,4D56CL8802,4056CLSS02,0.3,0.7340269999999691,4D56CL8802,0.0,0.2190472000002046,4D56CL8802,0.0,1.2100789000000987,OK,OK,OK
Apto_2023-05-05_10-12-44_2023-05-05_11-20-11,Chassi,cropped_1686_db2d580e-efb0-4bc0-ac82-3026acd718a1.jpg.png,9BHGC813BJP042756,9BHGC8ISBJP042,0.29411764705882354,2.0110363000003417,9BHGC81381P04275,0.17647058823529413,0.3656881000001704,98HGB13E1PD42756,0.35294117647058826,1.428486199999952,OK,OK,OK
Apto_2023-05-05_10-12-44_2023-05-05_11-20-11,Motor,cropped_1686_73464544-7905-4aa6-b34a-f3558706bdbb.jpg.png,F4NAHU634940,NAHU654940,0.25,1.1550702999998066,ANAHU634940,0.16666666666666666,0.2387775000001966,4NAH634940,0.16666666666666666,1.23198020000018,OK,OK,OK
Apto_2023-04-24_06-45-32_2023-04-24_10-22-03,Motor,cropped_481_2bd84f76-b0dd-43f2-8ac7-f7e5a19228ec.jpg.png,ND11E1D018878,MDR808870,0.6153846153846154,0.16346210000028805,NELLER4018878,0.38461538461538464,0.041562400000202615,,,2.7751945999998497,OK,OK,"ResponseError: prediction aborted, token repeat limit reached (status code: 500)"
Apto_2023-04-25_11-08-19_2023-04-25_12-08-01,Motor,cropped_667_c131b0f1-1d5f-45e3-b14c-62b29a38dc02.jpg.png,310A10112344971,,1.0,0.13897940000015296,,1.0,0.07357619999993403,,,2.741351399999985,OK,OK,"ResponseError: prediction aborted, token repeat limit reached (status code: 500)"
Apto_2023-05-05_10-24-46_2023-05-08_09-04-55,Chassi,cropped_1693_32bd07cb-5160-49ed-b322-6da0375c1160.jpg.png,98822616CLKC78283,93822815LKGEH82,0.5294117647058824,3.454808200000116,908226160878,0.47058823529411764,0.39083879999998317,98228160K078285,0.35294117647058826,1.380195900000217,OK,OK,OK
Apto_2023-05-05_10-24-46_2023-05-08_09-04-55,Motor,cropped_1693_af52233d-e59c-4e58-a453-05b8332e3884.jpg.png,552616748809693,552616748809693,0.0,0.5995944999999665,552616748809693,0.0,0.4415105000002768,552616748809693,0.0,1.2746400999999423,OK,OK,OK
Apto_2023-05-05_11-33-29_2023-05-06_06-19-31,Chassi,cropped_1709_900d8f93-ee80-4814-b613-3e711b7cb845.jpg.png,9BVN2B5A0SE650748,EBWIZ5950650,0.7058823529411765,2.289677700000084,,1.0,0.5235849000000599,38WZD5A03E65074C,0.47058823529411764,1.3623778999999558,OK,OK,OK
Apto_2023-05-05_11-33-29_2023-05-06_06-19-31,Motor,cropped_1709_904fae79-b7ee-485d-acfe-2eb89c6cc321.jpg.png,TD122F135746668,10122X1357668,0.3333333333333333,1.5301703000000089,135740668,0.4666666666666667,0.2839035000001786,101221135746668,0.2,1.4458421999997881,OK,OK,OK
Apto_2023-05-05_11-43-39_2023-05-05_12-17-35,Chassi,cropped_1711_c4747681-e398-4ce3-8a67-ce904a2a573b.jpg.png,9BRBD3HE4K0410150,OBRBDSHE4NO410150,0.23529411764705882,1.8962619999997514,2BRBD3HE4K0410150,0.058823529411764705,0.16850180000028558,9BRBD3HE4K0410150,0.0,1.3868876999999884,OK,OK,OK
Apto_2023-05-05_11-43-39_2023-05-05_12-17-35,Motor,cropped_1711_6b95fbb9-0c5e-45d4-8c6b-4535ed71d4c5.jpg.png,M588024,PZR588024,0.42857142857142855,0.6986148000000867,M588024,0.0,0.32282889999987674,ZRM588024,0.2857142857142857,1.1931029000002127,OK,OK,OK
Apto_2023-05-06_06-22-54_2023-05-08_03-05-57,Chassi,cropped_1751_0220cbb5-a73b-4f22-8a1e-24906fbafb4a.jpg.png,9BVAS02D0BE780774,9BVASO2DOBE78077420,0.23529411764705882,3.4247874999996384,9BVAS02D08E78077420,0.17647058823529413,0.7090425999999752,9BVAS02D0BE7807742011,0.23529411764705882,1.4526278000003003,OK,OK,OK
Apto_2023-05-06_06-22-54_2023-05-08_03-05-57,Motor,cropped_1751_4fa347ed-6682-457a-bb28-388554afd8dc.jpg.png,D13848413A1E,0138484,0.5,2.0321099000002505,D138604,0.5833333333333334,0.4380722999999307,013848413,0.3333333333333333,1.3391652999998769,OK,OK,OK
Apto_2023-05-08_09-11-31_2023-05-08_09-51-14,Chassi,cropped_1832_4fcc18c1-716c-4a9f-a4ba-ccbfde985cbc.jpg.png,9BG148MH0DC498012,9BG14XMHODG498012,0.17647058823529413,2.299384200000077,93G148MH0DC498012,0.058823529411764705,0.3745395000000826,9BG148MHODG498012,0.11764705882352941,1.3646631999999954,OK,OK,OK
Apto_2023-05-08_09-11-31_2023-05-08_09-51-14,Motor,cropped_1832_527d35db-5a54-47d4-bc02-9be8943e7bf6.jpg.png,V1A062595,VJAD62525,0.3333333333333333,0.24896020000005592,V1A062599,0.1111111111111111,0.16211769999972603,VJAD621449,0.6666666666666666,1.1328450999999404,OK,OK,OK
Apto_2023-05-08_09-45-06_2023-05-08_12-49-39,Chassi,cropped_1845_e22133ef-ff2c-4b21-b8c1-90b061d84329.jpg.png,93HFA66407Z207312,431414664077207312,0.35294117647058826,1.239638499999728,931FA66407Z207312,0.058823529411764705,0.5406301000002713,93HFA66407207312,0.058823529411764705,1.3351878999997098,OK,OK,OK
Apto_2023-05-08_09-45-06_2023-05-08_12-49-39,Motor,cropped_1845_9734b071-2b4a-4704-ad90-6a59cc884bba.jpg.png,R18A67Z207304,R8A672207804,0.23076923076923078,2.1100734999999986,R18A677207304,0.07692307692307693,0.4782965999997941,R18A6ZZ207304,0.07692307692307693,1.3148785999997017,OK,OK,OK
Apto_2023-05-08_11-19-43_2023-05-08_12-10-48,Chassi,cropped_1871_4aef7223-0f6a-44b1-b65d-0410cd51f8b7.jpg.png,9BG138BC04C403969,9B61385004C403969,0.17647058823529413,2.4179392999999436,93G1385C04C403969,0.11764705882352941,0.17864909999980227,9BG138BC04C403969,0.0,1.46124140000029,OK,OK,OK
Apto_2023-05-08_11-19-43_2023-05-08_12-10-48,Motor,cropped_1871_46649915-ccca-476e-bbd3-27b354a700b0.jpg.png,40704141418,L0Y04114,0.45454545454545453,0.3463080000001355,,1.0,0.09079010000004928,40704141418,0.0,1.252859300000182,OK,OK,OK
Apto_2023-05-08_11-50-09_2023-05-09_11-30-41,Chassi,cropped_1883_6469616d-e166-4e91-8e6d-d5d392293ca0.jpg.png,9BFYEALEXDBL44999,91Z6YEALEXQPL44UOY,0.47058823529411764,1.603537899999992,ORFYEALEXDRLA499,0.29411764705882354,0.4170235000001412,981YEAIEXPL44999,0.29411764705882354,1.3420571999999993,OK,OK,OK
Apto_2023-05-08_11-50-09_2023-05-09_11-30-41,Motor,cropped_1883_fda0eed0-78a5-4d10-b3e8-65e428940b1c.jpg.png,36442596,36442596UMMINS0613BR,1.5,1.5021013000000494,MINS061335,1.25,0.5711854999999559,364425960613BR,0.75,1.357318999999734,OK,OK,OK
Apto_2023-05-08_12-17-18_2023-05-09_03-22-07,Chassi,cropped_1894_1a657964-e261-4474-9cd9-04c76aad8df1.jpg.png,9BD15844AA6393416,,1.0,4.698084000000108,,1.0,0.4828661999999895,1234567890,0.8235294117647058,1.393487300000288,OK,OK,OK
Apto_2023-05-08_12-17-18_2023-05-09_03-22-07,Motor,cropped_1894_91b9b103-c0ec-4011-8c36-57426917f847.jpg.png,146E10119238140,,1.0,1.0464406999999483,,1.0,0.1798716000002969,2014,0.8,1.1401006999999481,OK,OK,OK
Apto_2023-05-08_13-06-27_2023-05-08_14-03-38,Chassi,cropped_1907_ae425c0c-1406-420a-89a7-18a97a86185a.jpg.png,9BWZZZ30ZSP02348,9BWZZ730ZSP023748,0.125,1.2915524999998524,98WZZ730ZSP023248,0.1875,0.13319860000001427,9BWZZ30ZSP023248,0.125,1.270142599999872,OK,OK,OK
Apto_2023-05-08_13-06-27_2023-05-08_14-03-38,Motor,cropped_1907_4bf16125-fa1b-4679-881c-4527b371fb4f.jpg.png,1876180,1876,0.42857142857142855,1.1546159999998054,,1.0,0.31866519999994125,1876180,0.0,1.197958899999776,OK,OK,OK
Apto_2023-05-08_13-36-26_2023-05-09_10-01-33,Chassi,cropped_1910_f663ff2b-893b-44da-8ec2-168c919c87ae.jpg.png,8AJFR22G3B4549532,8AJFR22G3B4549532,0.0,2.8528306000002885,3AJER22G3B4549532,0.11764705882352941,0.15539199999966513,8AJFR22G3B4549532,0.0,1.434848299999885,OK,OK,OK
Apto_2023-05-08_13-36-26_2023-05-09_10-01-33,Motor,cropped_1910_cd12d529-5cd1-40db-9e22-fbea2aab3e62.jpg.png,2KD5275004,5275,0.6,1.286804100000154,527590,0.5,0.4327598999998372,2KD5275004,0.0,1.2643514999999752,OK,OK,OK
Apto_2023-05-09_03-27-20_2023-05-09_10-20-28,Chassi,cropped_1912_6ad32fce-822a-4ece-8160-d623af40c7fe.jpg.png,LA7GRS61352,LAZGRS61352,0.09090909090909091,0.49795140000014726,LA7GRS6135,0.09090909090909091,0.29358890000003157,LA7GRS61352,0.0,1.1847901000001002,OK,OK,OK
Apto_2023-05-09_03-27-20_2023-05-09_10-20-28,Motor,cropped_1912_17aeaf24-071d-4019-8579-f429d9a9a038.jpg.png,02260461095,46,0.8181818181818182,2.3065820000001622,0461095,0.36363636363636365,0.5113936000002468,02260461095,0.0,1.3209624000000986,OK,OK,OK
Apto_2023-05-09_03-33-09_2023-05-09_10-23-31,Chassi,cropped_1913_2f357170-5194-4430-8c93-7e1baf630e68.jpg.png,JA32L434SSPP03964,4LJ2LA3SSFFUSS6Z,0.6470588235294118,1.8383567999999286,32L43499PP03964,0.23529411764705882,0.34708279999995284,JL32L43SSPRU964,0.29411764705882354,1.3583698000002187,OK,OK,OK
Apto_2023-05-09_03-33-09_2023-05-09_10-23-31,Motor,cropped_1913_e75aa4c9-4d6c-4973-a936-d0bfe8d8b283.jpg.png,4D56GQ7170,4056607170,0.3,2.0086903000001257,4056GQ7170,0.1,0.434435300000132,4D56GQ7170,0.0,1.3001478000001043,OK,OK,OK
Apto_2023-05-09_03-49-47_2023-05-09_05-51-08,Chassi,cropped_1914_c9788228-c70b-4d06-8eab-eb5b13ca119f.jpg.png,9BM345008GB724264,95134500842,0.47058823529411764,3.460300300000199,9BM3450080L,0.47058823529411764,0.13544249999995372,9BMS45008AE522254,0.35294117647058826,1.4560105999998996,OK,OK,OK
Apto_2023-05-09_03-49-47_2023-05-09_05-51-08,Motor,cropped_1914_0c7a0ec7-eadf-424f-873d-de26a35793e5.jpg.png,37937589687424,0VA334325R59067743,0.8571428571428571,1.7774327000001904,OM362A37937589087424,0.5,0.37700200000017503,OM352A37937889687424,0.5,1.3860242999999173,OK,OK,OK
Apto_2023-05-09_04-01-50_2023-05-09_04-53-50,Chassi,cropped_1915_47fcdf8d-fc65-4378-b99b-95fa0545f8ff.jpg.png,9BFET7131LDB44239,3417131LLE44239,0.4117647058823529,1.6641960999995717,,1.0,0.4670467999999346,9EFET7131LDB44239,0.058823529411764705,1.3249989999999343,OK,OK,OK
Apto_2023-05-09_04-01-50_2023-05-09_04-53-50,Motor,cropped_1915_45956bf8-5369-4a49-900c-8a8f51a07348.jpg.png,22904255935,22904255935,0.0,1.4068789000002653,,1.0,0.3517256999998608,22904255935,0.0,1.3194809999999961,OK,OK,OK
Apto_2023-05-09_06-46-14_2023-05-09_07-32-41,Chassi,cropped_1962_189805b5-06f2-473b-a7ed-f11996b851e9.jpg.png,9C2KC2210NR047583,,1.0,1.4051463999999214,,1.0,0.4059154000001399,4135511111111111,0.9411764705882353,1.4169021999996403,OK,OK,OK
Apto_2023-05-09_06-46-14_2023-05-09_07-32-41,Motor,cropped_1962_9c79fd8f-1994-41da-a0e4-8a6ff35225e6.jpg.png,KC22E1N047431,KC22W1NQ731,0.3076923076923077,1.089437000000089,KC22F1NOUTSI,0.5384615384615384,0.24328680000007807,KC22E1N047431,0.0,1.3018779999997605,OK,OK,OK
Apto_2023-05-09_07-02-43_2023-05-09_10-45-43,Chassi,cropped_1966_1679f73c-ae33-4605-9849-e4e92ee7118d.jpg.png,9BG148FK0HC413925,9BC14ZFKOHC413925,0.17647058823529413,0.9981333000000632,9BG148FK0HC41392S,0.058823529411764705,0.2720383999999285,9BG148FKOHG413925,0.11764705882352941,1.3086567000000286,OK,OK,OK
Apto_2023-05-09_07-02-43_2023-05-09_10-45-43,Motor,cropped_1966_f07404bf-7400-45e8-a10c-134a83541e8f.jpg.png,FX4F162091030,9910352,0.7692307692307693,1.245135399999981,2091030,0.46153846153846156,0.33075300000018615,FXA152091030,0.23076923076923078,1.3362443000000894,OK,OK,OK
Apto_2023-05-10_04-13-30_2023-05-10_05-21-25,Chassi,cropped_2065_5894790d-fef4-4281-ad2d-00c58a575479.jpg.png,93YHSR2LAFJ638992,93YHSRZLAFJ638992,0.058823529411764705,1.3924925000001167,93YHSR2LAFJ638992,0.0,0.27372120000018185,93YHSR21AFJ638992,0.058823529411764705,1.3886529999999766,OK,OK,OK
Apto_2023-05-10_04-13-30_2023-05-10_05-21-25,Motor,cropped_2065_defb9973-9a9c-4f9d-8db1-5f079d8c2ed4.jpg.png,F4RD404C004712,,1.0,1.482498200000009,,1.0,0.240597500000149,20240424,0.7142857142857143,1.2825354999999945,OK,OK,OK
Apto_2023-05-10_05-23-10_2023-05-10_07-28-07,Chassi,cropped_2083_345fb558-a3ed-4610-a457-9c5fd7458270.jpg.png,9BD11812181016285,98011626401828,0.5294117647058824,3.722797900000387,9801104261016705,0.47058823529411764,0.5347624000000906,980181281016285,0.23529411764705882,1.4289316999997936,OK,OK,OK
Apto_2023-05-10_05-23-10_2023-05-10_07-28-07,Motor,cropped_2083_acba8e15-09f8-4c2a-8e37-7e757dba8a0a.jpg.png,310A20117924084,,1.0,2.22065479999992,,1.0,0.35232749999977386,20210101,0.7333333333333333,1.2096402000001945,OK,OK,OK
Apto_2023-05-10_06-24-34_2023-05-11_13-35-12,Chassi,cropped_2102_8517e16c-197e-4d97-a16a-058548ea01c6.jpg.png,9BM345413HB762825,9BM345413H1B62825,0.11764705882352941,1.494097000000238,93M345413110762826,0.29411764705882354,0.5886660000001029,9BM345413HB62825,0.058823529411764705,1.3161599999998543,OK,OK,OK
Apto_2023-05-10_06-24-34_2023-05-11_13-35-12,Motor,cropped_2102_e7ac1917-2b2d-4e3a-9b94-a1382a26809a.jpg.png,SP0307102,SP0307102,0.0,1.3379566000003251,SP0307102,0.0,0.4806700999997702,SP0307102,0.0,1.2487793000000238,OK,OK,OK
Apto_2023-05-10_09-07-37_2023-05-10_11-33-09,Chassi,cropped_2123_90a795e2-4970-41b3-a0f8-b02e019a5a9c.jpg.png,93ZM2APH048700030,93ZM2APHO4E70N051,0.29411764705882354,2.314903999999842,93ZM2APH048700030,0.0,0.31489860000010594,93ZM2APH048700030,0.0,1.3876422999996976,OK,OK,OK
Apto_2023-05-10_09-07-37_2023-05-10_11-33-09,Motor,cropped_2123_66276468-f178-4993-af33-16b435404a25.jpg.png,821042KA3000832303,TINT89402KAX300083250,0.5555555555555556,1.9479566999998497,01824042K4300083230,0.2777777777777778,0.15329149999979563,FIAT821042KA300083230,0.2777777777777778,1.4493955999996615,OK,OK,OK
Apto_2023-05-10_09-12-02_2023-05-11_10-17-57,Chassi,cropped_2124_b8a227ec-f7d1-4ab2-a87e-fc0f302ce9e7.jpg.png,94BG151288V020618,948045L2APVOPUMARU6,0.8235294117647058,2.749970100000155,948G1512,0.5882352941176471,0.3479940999995961,94BG151288V091848XR,0.35294117647058826,1.3998037000001204,OK,OK,OK
Apto_2023-05-10_09-15-34_2023-05-11_03-28-38,Chassi,cropped_2126_67526120-3ad5-43cf-965e-bd6514b24e78.jpg.png,9AAG12630PC011798,9AA61BL011798,0.4117647058823529,3.0201231999999436,9AAG12600P0011798,0.11764705882352941,0.3551351999999497,9AG1260P101798,0.23529411764705882,1.333610199999839,OK,OK,OK
Apto_2023-05-10_11-09-49_2023-05-11_10-09-15,Chassi,cropped_2156_0acfe4ab-700f-4fee-b87c-f0827c3ba89a.jpg.png,9A9B85030H2DF5077,949B650Z0H2DF5077XX2016X,0.5882352941176471,3.0756478999996943,9A9B85030H2DF5077XX2016X,0.4117647058823529,0.595640199999707,9A9B85030H2DF50772016,0.23529411764705882,1.4829254999999648,OK,OK,OK
Apto_2023-05-10_11-14-09_2023-05-11_10-07-42,Chassi,cropped_2158_b30a79ee-23fd-4f6b-9eba-7aaf794bfc2f.jpg.png,9A9S3CBS1H1AH8014,9AGSCBSAL8014,0.35294117647058826,3.2779278999996677,9A9S3CBS18014,0.23529411764705882,0.13712420000001657,9A9S3CBS0H1AH8014,0.058823529411764705,1.3544833999999355,OK,OK,OK
Apto_2023-05-10_11-35-44_2023-05-10_12-04-07,Chassi,cropped_2165_44d48f49-6719-48e4-a4e2-90f544d2a3ac.jpg.png,9BD17307MC4367138,98047307MC4367138,0.17647058823529413,2.4965981999998803,9BD17307MC4367138,0.0,0.2737508999998681,9BD17307MC4367138,0.0,1.3671014999999898,OK,OK,OK
Apto_2023-05-10_11-35-44_2023-05-10_12-04-07,Motor,cropped_2165_2260add8-e265-43d5-a4d6-30b32c3aca28.jpg.png,310A20110559909,,1.0,0.9135361000003286,,1.0,0.16308630000003177,2022,0.8666666666666667,1.1235044999998536,OK,OK,OK
Apto_2023-05-10_12-47-42_2023-05-10_13-21-14,Chassi,cropped_2176_f5e11a52-4ffd-468a-aa76-b2fdf1c5b475.jpg.png,9C2HC1420DR031570,,1.0,4.2535681999997905,,1.0,0.4562517999997908,9C2H3JL30RO91572,0.47058823529411764,1.3722118000000592,OK,OK,OK
Apto_2023-05-10_12-47-42_2023-05-10_13-21-14,Motor,cropped_2176_b701e129-b613-41ef-9e5d-babe675acf46.jpg.png,HC14E2D031570,AC1R20031570,0.3076923076923077,1.266351499999928,HCNLER0031570,0.3076923076923077,0.2194337999999334,HC11E20031570,0.15384615384615385,1.2789794000000256,OK,OK,OK
Apto_2023-05-10_12-55-13_2023-05-11_03-22-33,Chassi,cropped_2179_3e0e1358-1f24-4640-9607-83628127b791.jpg.png,9EP021120G1000457,3211206100045737,0.4117647058823529,2.211186699999871,9P021120610004572015,0.35294117647058826,0.32776719999992565,3H21120G1000457,0.23529411764705882,1.38201620000018,OK,OK,OK
Apto_2023-05-10_13-05-55_2023-05-11_03-23-43,Chassi,cropped_2182_c61370a2-8334-4f90-80ea-c2cbeb4389cd.jpg.png,9EP021120G1000456,0462024120G10004562015,0.5294117647058824,3.0613792999997713,9EP021120G10004562015,0.23529411764705882,0.1729859000001852,88P02112001000456,0.17647058823529413,1.4634889000003568,OK,OK,OK
Apto_2023-05-11_04-24-51_2023-05-11_05-19-53,Chassi,cropped_2201_1ce33468-ceb8-488b-bd31-237b952bc570.jpg.png,9BD17122LE5937562,GRI44ZL54Y2,0.8235294117647058,1.7422590999999557,9801712E5937562,0.23529411764705882,0.2713354999996227,9BD111221E5937562,0.11764705882352941,1.3621047999999973,OK,OK,OK
Apto_2023-05-11_04-24-51_2023-05-11_05-19-53,Motor,cropped_2201_bf2ccabf-4929-44fc-8492-103b93ab7e5a.jpg.png,310A10112034923,,1.0,0.6291578999998819,,1.0,0.14554360000011002,20220202,0.6666666666666666,1.180202200000167,OK,OK,OK
Apto_2023-05-11_04-50-25_2023-05-11_05-16-22,Chassi,cropped_2211_fe354a81-65f8-4f6c-8f38-f080ab4fdad6.jpg.png,9BGSU19F0BB133448,YBGSU195030138448,0.29411764705882354,2.6530133999999634,9BGSU19F03B133448,0.058823529411764705,0.3615066999996088,9BCSU19F03B133448,0.11764705882352941,1.4025360999999066,OK,OK,OK
Apto_2023-05-11_04-50-25_2023-05-11_05-16-22,Motor,cropped_2211_5161dc2c-48cb-466d-91d7-e234e34c96d8.jpg.png,NAA027296,7A02720,0.4444444444444444,0.6215750000001208,NA027206,0.2222222222222222,0.22862380000015037,WAA027296,0.1111111111111111,1.1458648999996512,OK,OK,OK
Apto_2023-05-11_05-31-25_2023-05-11_06-19-26,Chassi,cropped_2223_58963f2a-23ed-477c-8e62-2f3f4b4015f3.jpg.png,93XLNKB8TJCH31779,9JXLNREBTJGHJ1779,0.35294117647058826,1.4292279999999664,XLNKB8TJCH31779,0.11764705882352941,0.1708702999999332,93XLKB8TJCH31779,0.058823529411764705,1.310624799999914,OK,OK,OK
Apto_2023-05-11_05-31-25_2023-05-11_06-19-26,Motor,cropped_2223_9d66a9f9-33c9-4aa2-bc35-484571fcf720.jpg.png,4M41UCBH1851,LM4UC3H185I,0.3333333333333333,1.3668143999998392,4M41LC3H185,0.25,0.24442529999987528,4M41UCBH1851,0.0,1.3064655000002858,OK,OK,OK
Apto_2023-05-11_11-09-07_2023-05-11_13-21-49,Chassi,cropped_2287_36842220-9c1a-486f-b5fc-39a446efd881.jpg.png,9BM958094DB925946,9BM958094069259462013,0.35294117647058826,1.3316703000000416,93M958094039259462013,0.4117647058823529,0.4461182000000008,9BM958094DB9259462013,0.23529411764705882,1.380888700000014,OK,OK,OK
Apto_2023-05-11_11-09-07_2023-05-11_13-21-49,Motor,cropped_2287_d0c414b4-4294-47e2-81ef-8abdaf2ab97e.jpg.png,926991U1073730,936951U10ZI,0.5,0.9656975999996575,12699101023738,0.2857142857142857,0.32977789999995366,02695110370,0.35714285714285715,1.2336988000001838,OK,OK,OK
Apto_2023-05-12_04-20-58_2023-05-12_06-51-16,Chassi,cropped_2328_cd99575c-fee0-48a7-b2d9-f5b223cafb5e.jpg.png,9BD15802AA6373452,28045424,0.8235294117647058,2.807978599999842,,1.0,0.3021683000001758,1945024,0.7647058823529411,1.2769140999998854,OK,OK,OK
Apto_2023-05-12_04-20-58_2023-05-12_06-51-16,Motor,cropped_2328_274b322f-d005-4a74-9522-f14f8c38331a.jpg.png,146E10119156388,146E1049156388,0.13333333333333333,0.6475113000001329,HEES,0.9333333333333333,0.2300404000002345,146E16115156354,0.26666666666666666,1.3204460000001745,OK,OK,OK
Apto_2023-05-12_09-15-19_2023-05-12_10-03-46,Chassi,cropped_2390_4994d1bb-52af-45d7-a8fb-f41a227f4c25.jpg.png,9BFZZZ55ZSB933723,9RFZZZ557589371,0.4117647058823529,0.9507939000000079,,1.0,0.3275954000000638,9BFZ7755738933723,0.29411764705882354,1.3875363000001926,OK,OK,OK
Apto_2023-05-12_09-15-19_2023-05-12_10-03-46,Motor,cropped_2390_d0c5e2f1-0ae3-4a72-8739-2ae0bbf91a9a.jpg.png,UNA025427,VNA02542,0.2222222222222222,0.5390661999999793,NA05,0.5555555555555556,0.4097116000002643,UNA025427,0.0,1.2390937999998641,OK,OK,OK
Apto_2023-05-12_10-04-12_2023-05-12_10-56-41,Chassi,cropped_2401_9124d3af-ed96-43e1-8f66-1825dde387fd.jpg.png,9BD281B41NYW74142,380284B41NYWT4142,0.29411764705882354,2.276303800000278,980284841NYN74142,0.29411764705882354,0.35809340000014345,9BD281B41NYW14142,0.058823529411764705,1.4327430999996977,OK,OK,OK
Apto_2023-05-12_10-04-12_2023-05-12_10-56-41,Motor,cropped_2401_9ac6530e-2541-45b4-9d6a-423ad7e41d47.jpg.png,552681768001086,552681768001086,0.0,0.4944007999997666,552681788001086,0.06666666666666667,0.16560630000003584,552681768001086,0.0,1.2634321999998974,OK,OK,OK
Apto_2023-05-12_11-16-53_2023-05-12_12-23-38,Chassi,cropped_2419_632fe854-6160-4ff0-9667-8a5c617866fb.jpg.png,9APB08530VP000095,9APPO8530VP000095,0.11764705882352941,1.4440831000001708,9APB085301P000095,0.058823529411764705,0.37320729999964897,9APB08530V0000095,0.058823529411764705,1.4472175000000789,OK,OK,OK
Apto_2023-05-16_04-02-23_2023-05-16_04-47-19,Chassi,cropped_2566_a6a50875-d664-4b12-8ac1-7600c7d05a3c.jpg.png,9BRBL3HE1J0105013,MPBLMK1J0105013,0.35294117647058826,2.004074599999967,J0PBL3HE1J0105013,0.17647058823529413,0.5573991999999635,J0105013,0.5294117647058824,1.2773661999999604,OK,OK,OK
Apto_2023-05-16_04-02-23_2023-05-16_04-47-19,Motor,cropped_2566_48b920fa-1b4c-4238-802a-9e064e3debb9.jpg.png,M457743,2Z2M457,0.8571428571428571,0.573635700000068,,1.0,0.3550505000002886,2ZR457743,0.42857142857142855,1.1651621000000887,OK,OK,OK
Apto_2023-05-16_04-51-04_2023-05-16_09-55-25,Chassi,cropped_2573_e00e50e3-6058-4f1b-96da-7930f478d50e.jpg.png,WV1DB42H7KA029827,WVADBL2HZKA029827,0.17647058823529413,0.9241136999999071,WV1DB42H7KA029827,0.0,0.29973100000006525,WV1DB42H7KAQ29827,0.058823529411764705,1.2904218999997283,OK,OK,OK
Apto_2023-05-16_04-51-04_2023-05-16_09-55-25,Motor,cropped_2573_c3140b01-af5a-49a4-908e-746d83db1c86.jpg.png,CSH227351,,1.0,1.293094900000142,,1.0,0.14198739999983445,1234567890,1.0,1.2990264999998544,OK,OK,OK
Apto_2023-05-16_06-08-52_2023-05-16_10-01-06,Chassi,cropped_2594_e77da87d-74f8-4b60-891c-6eac96897ead.jpg.png,9BGJC69Z0FB103924,98GJC69Z0FB103924,0.058823529411764705,2.2569202999998197,9BGJC6970FB103924,0.058823529411764705,0.13512089999994714,9BGJC69Z0FB103924,0.0,1.3483602999999675,OK,OK,OK
Apto_2023-05-16_06-08-52_2023-05-16_10-01-06,Motor,cropped_2594_2f405ba1-e8e9-4af6-8f9e-242b9a31ac43.jpg.png,CM8073062,CM8073062,0.0,2.680620600000111,SM807306,0.2222222222222222,0.1355252999996992,CM8073062,0.0,1.3277487999998812,OK,OK,OK
Apto_2023-05-16_06-57-31_2023-05-16_13-17-36,Chassi,cropped_2606_0f734f5c-ee85-4aec-97be-20d0e4910f83.jpg.png,8AJFY29G8D8542130,SAJFY29G808542130,0.11764705882352941,1.376224699999966,3AJFY29G8D8542130,0.058823529411764705,0.17303769999989527,8AJFY29G8D8542130,0.0,1.283519399999932,OK,OK,OK
Apto_2023-05-16_06-57-31_2023-05-16_13-17-36,Motor,cropped_2606_3da776c4-1af5-4d9b-9805-ff691a2a10e4.jpg.png,1KDA254389,LDF25438,0.4,0.600010900000143,,1.0,0.14692710000008447,1KD254389,0.1,1.1591568000003463,OK,OK,OK
Apto_2023-05-16_07-06-21_2023-05-16_11-05-55,Chassi,cropped_2609_2e40de0e-951a-4694-bb43-e9098bce670e.jpg.png,9BRBB48E5A5109352,9BRBBA8EBAL109352,0.17647058823529413,1.86740379999992,9BRB348E5A5109352,0.058823529411764705,0.27129320000040025,9BBB48E5A5109352,0.058823529411764705,1.374485999999706,OK,OK,OK
Apto_2023-05-16_07-06-21_2023-05-16_11-05-55,Motor,cropped_2609_983a8448-1c4e-452c-bdec-9f0314c9561a.jpg.png,4944103,,1.0,0.8860380999999506,,1.0,0.2339904000000388,1944103,0.14285714285714285,1.187351199999739,OK,OK,OK
Apto_2023-05-16_10-09-52_2023-05-17_05-26-02,Chassi,cropped_2642_0af0a056-6696-4f62-80e7-71e6690a53a9.jpg.png,9BWLB05U2CP022554,OEEBOSUZEP022534,0.5294117647058824,1.5060129000003144,9311805U2CP02254,0.29411764705882354,0.28129139999964536,9HJL805U2EP022554,0.23529411764705882,1.3697148000001107,OK,OK,OK
Apto_2023-05-16_10-09-52_2023-05-17_05-26-02,Motor,cropped_2642_532daa7a-062c-43b2-84b3-ad9801463067.jpg.png,CCR490659,CCP490,0.4444444444444444,0.6094680000001063,,1.0,0.3692344000000958,CCP190659,0.2222222222222222,1.1921163000001798,OK,OK,OK
Apto_2023-05-16_11-17-33_2023-05-17_05-14-10,Chassi,cropped_2660_5aa09daf-3b9a-4a35-933a-f73e7474c383.jpg.png,9BRB33BE5P2130485,9BRBSSBESF213043,0.35294117647058826,1.7702202999998917,OBRB3OBPDPO1O0485,0.35294117647058826,0.5589543000000958,9BRB33BE5P2130485,0.0,1.322534899999937,OK,OK,OK
Apto_2023-05-16_11-17-33_2023-05-17_05-14-10,Motor,cropped_2660_722f266e-1f5a-41cf-8a02-e0054d142c2d.jpg.png,AC05361,4C053620A,0.5714285714285714,1.6375811000002614,AC0536M20A,0.5714285714285714,0.3965219000001525,AC0536N20A,0.5714285714285714,1.2936459000002287,OK,OK,OK
Apto_2023-05-17_06-09-57_2023-05-17_09-34-19,Chassi,cropped_2735_9ad0194e-3320-448f-b4d7-07fb11ce2875.jpg.png,8AWZZZ9ZZ1A615281,94LLL9LL1A61528,0.5294117647058824,1.2530266999997366,,1.0,0.42542039999989356,2AWZZ9ZZ1A615281,0.11764705882352941,1.3307153000000653,OK,OK,OK
Apto_2023-05-17_06-09-57_2023-05-17_09-34-19,Motor,cropped_2735_a7a5ef14-64ed-4817-b2e9-4408c8724ea4.jpg.png,AKL902350,,1.0,0.9990476999996645,,1.0,0.13120039999967048,H123456789,1.1111111111111112,1.2457392000001164,OK,OK,OK
Apto_2023-05-17_11-34-44_2023-05-17_13-37-08,Chassi,cropped_2800_1b224ae6-3fbe-47b3-9572-8b0d45bc3863.jpg.png,9BFLF47PXFB002542,9BFLF47FXFB002542,0.058823529411764705,2.1410264999999526,9BFLF47PXFB002542,0.0,0.32565150000027643,9BFLF47PXB002542,0.058823529411764705,1.390395499999613,OK,OK,OK
Apto_2023-05-17_11-34-44_2023-05-17_13-37-08,Motor,cropped_2800_faeeb641-73dc-4c47-bfce-bae077d8b0fa.jpg.png,89644049,396440,0.375,0.9888449999998556,3964404,0.25,0.30599949999987075,29644049,0.125,1.1555701000002045,OK,OK,OK
Apto_2023-05-18_04-53-11_2023-05-18_06-32-27,Chassi,cropped_2827_70d01057-494d-449a-b88d-59d3dd85193f.jpg.png,9BD27803M97166922,9B027803MJZ56922,0.29411764705882354,6.202716600000258,98027803M6922,0.35294117647058826,0.5617821000000731,9B027803M9766922,0.11764705882352941,1.383339800000158,OK,OK,OK
Apto_2023-05-18_04-53-11_2023-05-18_06-32-27,Motor,cropped_2827_6e0571db-2549-487c-909c-e7030239e65b.jpg.png,310A20118877127,3IOAL8877,0.6,2.1212737999999263,,1.0,0.33149120000007315,20170707,0.6666666666666666,1.2573683000000528,OK,OK,OK
Apto_2023-05-18_06-53-54_2023-05-18_07-25-07,Chassi,cropped_2854_fa61a88f-90eb-40d1-8846-ff01d365c61c.jpg.png,9C2ND07006R004866,9C2NDO7OO6R004866,0.17647058823529413,2.2983994000001076,9C2ND07006R004866,0.0,0.19212900000002264,9C2ND07006R004866,0.0,1.371797400000105,OK,OK,OK
Apto_2023-05-18_06-53-54_2023-05-18_07-25-07,Motor,cropped_2854_8f245c76-f494-461f-8bab-ff08a7dea375.jpg.png,ND07E6004866,NDO7E6004866,0.08333333333333333,1.401574299999993,ND07E99817009,0.6666666666666666,0.4561746999997922,ND07E6004866,0.0,1.3173342000000048,OK,OK,OK
Apto_2023-05-18_09-21-12_2023-05-18_10-06-08,Chassi,cropped_2869_a8a14074-4008-4aea-803c-dd12a42bf535.jpg.png,9BD15822544496900,9BD45822596900,0.23529411764705882,3.7449846999998044,OBDAS,0.8823529411764706,0.2792391999996653,YBD15822524496000,0.17647058823529413,1.4773181000000477,OK,OK,OK
Apto_2023-05-18_09-21-12_2023-05-18_10-06-08,Motor,cropped_2869_7847f0b6-ca62-44bf-bf43-bfdb9cc7f896.jpg.png,178D90115783088,,1.0,0.8656255999999303,,1.0,0.13758839999991324,19911990,0.6666666666666666,1.1859341999997923,OK,OK,OK
Apto_2023-05-19_04-19-23_2023-05-19_10-24-24,Chassi,cropped_2933_899c6c3f-b5ee-4127-87cc-5b59cd8ee556.jpg.png,9ADB0902CDM362472,9ADBO9O2CDN36247262012,0.47058823529411764,3.794087700000091,9ADB0902CDM3624722012X,0.29411764705882354,0.571122600000308,9ADB0902CDM3624722012,0.23529411764705882,1.4674080999998296,OK,OK,OK
Apto_2023-05-19_04-31-29_2023-05-19_06-49-14,Chassi,cropped_2935_fee223a9-2800-4b51-a601-8ca61965b86d.jpg.png,9BRBDWHE5G0289105,9BRBDWHESC0289105,0.11764705882352941,2.4513544999999795,93R3DW0E5G0289105,0.17647058823529413,0.17639390000022104,9BRBDWHE5G0289105,0.0,1.364010099999632,OK,OK,OK
Apto_2023-05-19_04-31-29_2023-05-19_06-49-14,Motor,cropped_2935_91535bfe-9aa0-42c2-b4b7-0fb01ac9fece.jpg.png,M340466,ZRAM340466,0.42857142857142855,0.6738047999997434,M34046,0.14285714285714285,0.4564324000002671,M340466,0.0,1.1918891999998777,OK,OK,OK
Apto_2023-05-19_09-57-13_2023-05-19_12-53-51,Chassi,cropped_3021_da055de9-9709-4db5-9aa9-9ba85d236115.jpg.png,9BWCA01J814069407,9B1IA0181L069207,0.29411764705882354,1.2925509000001512,,1.0,0.27222800000026837,9BWCAD11814059407,0.17647058823529413,1.3114904999997634,OK,OK,OK
Apto_2023-05-19_09-57-13_2023-05-19_12-53-51,Motor,cropped_3021_f6a5e0e8-6fb0-4979-811b-0b0abe80d80f.jpg.png,BAH007722,,1.0,0.5475949000001492,,1.0,0.27978110000003653,THEYDEPTHS,1.1111111111111112,1.095107199999802,OK,OK,OK
Apto_2023-05-19_11-10-16_2023-05-19_12-47-43,Chassi,cropped_3042_00562cf1-2433-4fe8-9053-aa76a0a49cda.jpg.png,9BGJK69RSRB006721,GBGJK69RSRBO0872,0.23529411764705882,2.934911899999861,9BGJK69RSRBOO672,0.17647058823529413,0.33730519999971875,9BGJK69RSRB000672,0.11764705882352941,1.3887933999999404,OK,OK,OK
Apto_2023-05-19_11-10-16_2023-05-19_12-47-43,Motor,cropped_3042_a534d7ea-665d-4067-842e-3af88e3aed60.jpg.png,B20NZ31099531,BZONZ31090531,0.23076923076923078,0.40527120000024297,B2ONZ31099531,0.07692307692307693,0.22340349999967657,B20NZ31099531,0.0,1.2365129999998317,OK,OK,OK
Apto_2023-05-20_06-39-02_2023-05-20_07-40-32,Chassi,cropped_3084_11434913-e16e-40ac-9df0-250980c2fd07.jpg.png,9BVAG30D0EE823447,9BVAG3ODOEE03L47,0.29411764705882354,1.3871547999997347,9BVAG30D0EE823447,0.0,0.32325710000031904,9BVAG30D0EE823L47,0.058823529411764705,1.366917299999841,OK,OK,OK
Apto_2023-05-20_06-39-02_2023-05-20_07-40-32,Motor,cropped_3084_8cacf987-2a15-48e3-b659-0feb5407bf7c.jpg.png,D13887786C1E,0138778,0.5,2.316258399999697,,1.0,0.3923752999999124,013X887796X,0.5,1.3394600999999966,OK,OK,OK
Apto_2023-05-22_04-21-02_2023-05-22_05-22-05,Chassi,cropped_3094_39f23c20-2907-4cfe-aab3-2b22140039cc.jpg.png,93XSYKL1TKCJ12886,93XSYKLITKCJ12886,0.058823529411764705,1.2552412000000004,93XSYKL1TKCJ12886,0.0,0.37122039999985645,93XSYKL1TKCJ12886,0.0,1.2976457000004302,OK,OK,OK
Apto_2023-05-22_04-21-02_2023-05-22_05-22-05,Motor,cropped_3094_e850a508-d74c-46f3-8c61-6e32bd32d987.jpg.png,4N15BAB3119,6JGN15BABB3I,0.6363636363636364,0.6063294999999016,9N15BAB3119,0.09090909090909091,0.21515799999997398,N15BAB3119,0.09090909090909091,1.1892465000000811,OK,OK,OK
Apto_2023-05-22_04-28-14_2023-05-22_06-53-12,Chassi,cropped_3098_5f69aab2-84c9-44db-9a38-b0a21012e8e6.jpg.png,93ZS2MSH0B8809473,93ZS2MSH0B8809473,0.0,2.4355846999997084,93752MSH0B8809473,0.11764705882352941,0.15993890000027022,93782M3H0B8809473,0.17647058823529413,1.4327218999997058,OK,OK,OK
Apto_2023-05-22_04-28-14_2023-05-22_06-53-12,Motor,cropped_3098_bb69546c-e7c1-44e6-ba97-8b5b36687528.jpg.png,F3BE06815022962,FJBEV68,0.6666666666666666,2.7776926999999887,,1.0,0.3170524000001933,F38868145822962,0.3333333333333333,1.4216595000002599,OK,OK,OK
Apto_2023-05-22_06-01-05_2023-05-22_09-28-11,Chassi,cropped_3138_740cc4f3-71e4-4308-bcfc-1ec6f16256bc.jpg.png,93YHSR3H5KJ757194,JYHSRJHEKJ757194,0.23529411764705882,1.4201868999998624,3YHSR3H5KJ757194,0.058823529411764705,0.5087126000003082,3YHSR3H5KJ757194,0.058823529411764705,1.3468431999999666,OK,OK,OK
Apto_2023-05-22_06-01-05_2023-05-22_09-28-11,Motor,cropped_3138_e17be183-ff61-4d42-8f07-c92e10b1582b.jpg.png,H4MF735Q044381,KANF,0.9285714285714286,1.6854514999999992,,1.0,0.27993359999982204,HAM75084691,0.5,1.2855396999998447,OK,OK,OK
Apto_2023-04-24_06-45-32_2023-04-24_10-22-03,Motor,cropped_481_2bd84f76-b0dd-43f2-8ac7-f7e5a19228ec.jpg.png,ND11E1D018878,MDR808870,0.6153846153846154,0.1632953999996971,NELLER4018878,0.38461538461538464,0.04161969999950088,,,2.778141200000391,OK,OK,"ResponseError: prediction aborted, token repeat limit reached (status code: 500)"
Apto_2023-04-25_11-08-19_2023-04-25_12-08-01,Motor,cropped_667_c131b0f1-1d5f-45e3-b14c-62b29a38dc02.jpg.png,310A10112344971,,1.0,0.14511230000061914,,1.0,0.07356410000011238,,,2.741451199999574,OK,OK,"ResponseError: prediction aborted, token repeat limit reached (status code: 500)"
Apto_2023-05-22_09-29-43_2023-05-22_10-25-03,Chassi,cropped_3170_e5c984d5-c2b0-4b46-bd20-49595ff23cb7.jpg.png,9BG148MH0DC473278,9BG14XMHODC473272,0.17647058823529413,2.023367600000711,9B5748MH0DC473278,0.11764705882352941,0.36723970000002737,9BG148MHODG473278,0.11764705882352941,1.3255156999994142,OK,OK,OK
Apto_2023-05-22_09-29-43_2023-05-22_10-25-03,Motor,cropped_3170_f8ff27fa-42f3-4ff8-b840-3d3af5464371.jpg.png,V1A047373,VC47373,0.3333333333333333,0.29255470000043715,V1A04733,0.1111111111111111,0.2030573000001823,V1A047373,0.0,1.2261432999994213,OK,OK,OK
Apto_2023-05-22_11-01-25_2023-05-22_12-27-43,Chassi,cropped_3203_13c9bd0d-d4f3-4ad9-b05f-550793eddcc7.jpg.png,9BWAB01J694025180,9BWABO11694025180,0.11764705882352941,1.5208592999997563,9BWAB01J694025180,0.0,0.5365320000000793,9BVAB01J694025180,0.058823529411764705,1.3294150000001537,OK,OK,OK
Apto_2023-05-22_11-01-25_2023-05-22_12-27-43,Motor,cropped_3203_96d0b710-e196-4169-b9fb-5021ad6c9136.jpg.png,CCR103385,ECR70385,0.3333333333333333,0.3826196999998501,CCR1O3385,0.1111111111111111,0.1850814999997965,103785,0.4444444444444444,1.1106708999996044,OK,OK,OK
Apto_2023-05-22_11-24-39_2023-05-22_12-36-14,Chassi,cropped_3210_f122aa62-4948-4e11-a72a-bab535fdef63.jpg.png,98822617CLKC86755,83226TKC86755,0.35294117647058826,3.250102799999695,882261768675,0.35294117647058826,0.3658066999996663,988226170LK86755,0.11764705882352941,1.3872295000001031,OK,OK,OK
Apto_2023-05-22_11-24-39_2023-05-22_12-36-14,Motor,cropped_3210_30179759-2849-411d-8569-dfe4543e1ab2.jpg.png,552616748839573,552646748839573,0.06666666666666667,1.0528526000007332,X883957355261674,0.9333333333333333,0.17085170000063954,552616148839573,0.06666666666666667,1.316167800000585,OK,OK,OK
Apto_2023-05-22_12-28-20_2023-06-02_07-42-15,Chassi,cropped_3232_a4ca641b-6868-46ab-a633-40028ed152b2.jpg.png,9C2PC4820JR000658,,1.0,2.7760246999996525,,1.0,0.20500540000011824,22748201500453,0.5294117647058824,1.3954775999991398,OK,OK,OK
Apto_2023-05-22_12-28-20_2023-06-02_07-42-15,Motor,cropped_3232_46e0dc40-688c-4164-b44b-1a7be6a3ac0b.jpg.png,PC48E2J000658,P48E23000658,0.15384615384615385,1.129766500000187,PCL8E23000658,0.15384615384615385,0.2854609999994864,PC48E25000658,0.07692307692307693,1.2526883000000453,OK,OK,OK
Apto_2023-05-23_05-30-27_2023-05-23_14-18-06,Chassi,cropped_3266_6c0196b2-955e-4d36-968d-29370ea35c19.jpg.png,9BM345413HB762825,9BM346413HB62825,0.11764705882352941,2.1288063000001785,93M34541313762825,0.17647058823529413,0.3761071999997512,9BM345413HB762825,0.0,1.3889908999999534,OK,OK,OK
Apto_2023-05-23_05-30-27_2023-05-23_14-18-06,Motor,cropped_3266_afb9f228-6553-437f-96b6-1938199a86a8.jpg.png,SP0307102,SP0307102,0.0,1.5933512000001429,SP0307102,0.0,0.4881456999992224,SP0307182,0.1111111111111111,1.2375787000000855,OK,OK,OK
Apto_2023-05-23_06-51-22_2023-05-23_09-28-05,Chassi,cropped_3288_0ed29027-8aef-4d71-ace6-894b3ac3e76e.jpg.png,9BGCA8030LB208735,9BGCA8030LB208735,0.0,1.1019419000003836,9BGCA8030LB208735,0.0,0.13303829999949812,9BGCA8030LB208735,0.0,1.3187749999997322,OK,OK,OK
Apto_2023-05-23_06-51-22_2023-05-23_09-28-05,Motor,cropped_3288_18d08a19-5df1-4ced-9c0c-293b85feb960.jpg.png,GK8057084,GK805034,0.2222222222222222,0.8125221000000238,GK805208,0.2222222222222222,0.22923329999957787,GK8057084,0.0,1.1629822000004424,OK,OK,OK
Apto_2023-05-23_09-15-55_2023-05-23_10-25-30,Chassi,cropped_3303_1a66193e-48d1-419e-af47-5d5c3465061b.jpg.png,9C2JC7000MR027723,A2I7OCONRO277,0.6470588235294118,1.6229849999999715,,1.0,0.555929200000719,20230223,0.6470588235294118,1.271306900000127,OK,OK,OK
Apto_2023-05-23_09-15-55_2023-05-23_10-25-30,Motor,cropped_3303_54e891c1-c5e6-42d8-960b-8ce6a0fca395.jpg.png,JC70E0M027781,JC7OEOMO2778,0.3076923076923077,0.7590033999995285,JC70E0MO27781,0.07692307692307693,0.2846002000005683,JC70E0M027781,0.0,1.1984099999999671,OK,OK,OK
Apto_2023-05-23_09-26-39_2023-05-23_12-03-59,Chassi,cropped_3306_10af656e-c0c8-4672-851c-774e06c83725.jpg.png,9BW2M82T95R536876,9B12M895859676,0.35294117647058826,2.2379555000006803,93W2M82795R566876,0.17647058823529413,0.46712250000018685,9B12M82T95R566876,0.11764705882352941,1.5075705999997808,OK,OK,OK
Apto_2023-05-23_09-26-39_2023-05-23_12-03-59,Motor,cropped_3306_89d6dc79-92cb-49ae-8be3-230e2699fb9c.jpg.png,30553873,95883077,0.75,2.2647855999994135,,1.0,0.19350399999984802,3453373,0.375,1.2653254999995625,OK,OK,OK
Apto_2023-05-23_12-04-05_2023-05-23_13-04-20,Chassi,cropped_3344_2c6504d2-b8cd-4a70-b97b-c5a8eab5d126.jpg.png,93YHJD204MJ635453,93YHJD204NJ635453,0.058823529411764705,2.748455899999499,93YHJD204MJ635453,0.0,0.3341115000002901,93YHJD204MJ635453,0.0,1.3504167999999481,OK,OK,OK
Apto_2023-05-23_12-04-05_2023-05-23_13-04-20,Motor,cropped_3344_e565fadc-3076-4b48-9ad2-86752c71cab7.jpg.png,H4MG736Q120425,H4RG7012742,0.42857142857142855,2.0151369000004706,H4MG701774,0.5,0.2189344999997047,H4N67360120133,0.42857142857142855,1.3791007999998328,OK,OK,OK
Apto_2023-05-23_12-53-32_2023-05-23_13-33-14,Chassi,cropped_3356_9dc6690d-54e0-4138-9771-af34644ed96d.jpg.png,9BD17164LC5766129,980174641C5756129,0.29411764705882354,2.6897557000002053,98017164C5766129,0.17647058823529413,0.4312958000000435,9BD17164LC5766129,0.0,1.3605526000001191,OK,OK,OK
Apto_2023-05-23_12-53-32_2023-05-23_13-33-14,Motor,cropped_3356_c166feef-9009-43f1-904b-d3edd318126d.jpg.png,310A10110344431,,1.0,0.9819150000002992,,1.0,0.25201150000066264,20170101,0.6666666666666666,1.1922792000004847,OK,OK,OK
Apto_2023-05-24_04-12-07_2023-05-24_06-06-51,Chassi,cropped_3370_8e7128ed-1d4f-4676-9fd2-73d5794b1e48.jpg.png,9BVAS02C28E742222,9BVAS02628E762222200,0.29411764705882354,3.3681124000004274,93VAS02C28E7422222008,0.29411764705882354,0.5347196999991866,9BVAS02C28E7422222008,0.23529411764705882,1.4447024999999485,OK,OK,OK
Apto_2023-05-24_04-12-07_2023-05-24_06-06-51,Motor,cropped_3370_aa10162a-4f6c-4222-8d12-7305b162a43a.jpg.png,D13812235A1E,013812235ATSE,0.25,7.513867200000277,D13812235,0.25,0.5390071000001626,D13X812235A1XE,0.16666666666666666,1.6829048999998122,OK,OK,OK
Apto_2023-05-24_04-27-36_2023-05-24_10-51-07,Chassi,cropped_3374_6a6acddb-2334-410c-9292-991c814dfb70.jpg.png,9APB08820KP000101,20199APBOB8ZOKPOQO1O,0.7647058823529411,9.121264500000507,20199AP806620KP000101,0.4117647058823529,0.4984024000004865,20199APB08820KP000101,0.23529411764705882,2.0909868999997343,OK,OK,OK
Apto_2023-05-24_05-05-41_2023-05-24_06-10-42,Chassi,cropped_3384_d44105c8-31b8-4bdf-bf15-88229fc90d94.jpg.png,8AP372171D6035549,8AP57247116035549,0.17647058823529413,2.513580400000137,8AP372471D6035549,0.058823529411764705,0.40646230000038486,8AP372171D6035549,0.0,1.3547381999997015,OK,OK,OK
Apto_2023-05-24_05-05-41_2023-05-24_06-10-42,Motor,cropped_3384_e9077a8e-1c5a-40f6-9fb5-381f6fc8a94a.jpg.png,310A20110780123,,1.0,0.6530219000005673,,1.0,0.12336760000016511,1234567890,0.7333333333333333,1.217844700000569,OK,OK,OK
Apto_2023-05-24_09-49-26_2023-05-24_10-21-25,Chassi,cropped_3424_7a591224-6661-4563-831e-61c066d1c84d.jpg.png,9C2HA070WWR016950,CZHAOTOWORO6950ICZHANR018750,1.1764705882352942,2.1547494000005827,9C2HA070F8R0169509C2H007087R016950,1.1176470588235294,0.5419211000007635,9C2HA070WKR016950,0.058823529411764705,1.3804206000004342,OK,OK,OK
Apto_2023-05-24_09-49-26_2023-05-24_10-21-25,Motor,cropped_3424_d282e8b8-73c6-48b6-8928-a4707db0ad35.jpg.png,HA07EW016950,HAOEWO16950,0.25,1.6906345000006695,HAOZEW016950,0.16666666666666666,0.3882855000001655,HAO7EV016450,0.25,1.287643599999683,OK,OK,OK
Apto_2023-05-24_10-22-02_2023-05-24_11-09-53,Chassi,cropped_3433_882c8fb0-9277-4d34-94c2-8dca434303fe.jpg.png,8AJZX62G9F5011329,8AJZX62G9F5011329,0.0,2.7076364000004105,8AJZX6269F5011329,0.058823529411764705,0.3409945000003063,8AJZX62G9F5011329,0.0,1.389669799999865,OK,OK,OK
Apto_2023-05-24_10-22-02_2023-05-24_11-09-53,Motor,cropped_3433_f507bd86-19db-4766-ad23-df6def786a38.jpg.png,2TR8843344,842834285,0.8,0.2831908000007388,,1.0,0.15192089999982272,88433442TR,0.6,1.1863163999996686,OK,OK,OK
Apto_2023-05-24_10-56-24_2023-05-24_12-39-51,Chassi,cropped_3443_b36ad09c-3301-41ea-8342-2c783a697c47.jpg.png,9BG443NARRC032874,VEBLZHARRCO32874,0.47058823529411764,1.1471462999998039,B6443NARRC032874,0.11764705882352941,0.40917930000068736,V8G443NARRC032874,0.11764705882352941,1.3000946000001932,OK,OK,OK
Apto_2023-05-24_10-56-24_2023-05-24_12-39-51,Motor,cropped_3443_fb604299-5106-4d4d-a515-e06f0162683e.jpg.png,SB8885B504171Z,SK880585041712,0.2857142857142857,1.0961010000000897,C88885B504171,0.21428571428571427,0.3803347000002759,SB885B504171Z,0.07142857142857142,1.3024226999996245,OK,OK,OK
Apto_2023-05-24_11-45-06_2023-05-24_12-07-49,Chassi,cropped_3457_061a315b-4fcc-44b4-9ee7-ad594670c6f2.jpg.png,9BWAB01J6A4012515,GBWABO1J6A4012515,0.11764705882352941,3.1723916999999346,9BWAB01J6A4012515,0.0,0.5052401000002646,9BWAB01J6A4012515,0.0,1.4216009000001577,OK,OK,OK
Apto_2023-05-24_11-45-06_2023-05-24_12-07-49,Motor,cropped_3457_435eef56-64cd-412f-84e4-b063e8fb5827.jpg.png,CCR815345,CCR81534,0.1111111111111111,0.4086013999994975,CCR81534,0.1111111111111111,0.15683930000068358,GAR816342,0.4444444444444444,1.1719594999995024,OK,OK,OK
Apto_2023-05-24_12-13-37_2023-05-24_12-52-00,Chassi,cropped_3462_4db75670-5c00-4a99-8fbf-ef7baac9f5d0.jpg.png,9BW5B82U16R623975,9BW5B82U16R623975,0.0,3.043561800000134,9BW5B82U16R623975,0.0,0.3521235999996861,9BW5B82U16R623975,0.0,1.4592959999999948,OK,OK,OK
Apto_2023-05-24_12-13-37_2023-05-24_12-52-00,Motor,cropped_3462_3bc317f5-9407-4db8-ba67-b73b517b2091.jpg.png,F1A007423,FLA27423,0.3333333333333333,0.7997887999999875,F10007423,0.1111111111111111,0.20865189999949507,F1A007423,0.0,1.1698716999999306,OK,OK,OK
Apto_2023-05-24_12-51-41_2023-05-24_14-05-33,Chassi,cropped_3474_b9263950-c8e1-4966-88d3-4400907b5804.jpg.png,94BG147244R001441,94BG147244R0014412004,0.23529411764705882,3.6518747999998595,94BG147244R0Q1442004,0.29411764705882354,0.5370436000002883,94BG147244R0014412004,0.23529411764705882,1.5642895999999382,OK,OK,OK
Apto_2023-05-25_03-55-41_2023-05-25_09-49-50,Chassi,cropped_3487_ba8dabd4-db61-4bf4-b3f3-369c7a89ecef.jpg.png,9BVN0A1A0EE604920,GBVNOAVACEE3U4920,0.35294117647058826,2.409677799999372,93VNOAVACPFO04920,0.4117647058823529,0.3045211000007839,9BV40A1A0EE004920,0.11764705882352941,1.3861268000000564,OK,OK,OK
Apto_2023-05-25_03-55-41_2023-05-25_09-49-50,Motor,cropped_3487_f4269dbe-c0a0-44ba-b7d7-a4f7b9214f64.jpg.png,TD101G113501591,T0101611350159,0.2,1.420768699999826,D10G0159,0.4666666666666667,0.39823749999959546,TD101G113501591,0.0,1.4077563000000737,OK,OK,OK
Apto_2023-05-25_05-24-17_2023-05-25_09-44-35,Chassi,cropped_3515_4613ef51-3a6c-4247-b255-419b9ade050c.jpg.png,94BL0262LLR005219,9L8L0262L4R40S2192020,0.5294117647058824,2.9876025999992635,948L0262LLR0052192020,0.29411764705882354,0.3254612000000634,94BL0262LLR0052192020,0.23529411764705882,1.4884457999996812,OK,OK,OK
Apto_2023-05-25_06-32-32_2023-05-25_09-33-27,Chassi,cropped_3528_0f4a83c8-4dfe-43b5-9dd2-d0773c0195cf.jpg.png,9BFFF25LXYD027188,9BFFF2ULXYN07188,0.17647058823529413,2.331548699999985,9BFFF25LXYD07188,0.058823529411764705,0.3692237999994177,9BFF25LXYD027188,0.058823529411764705,1.378163699999277,OK,OK,OK
Apto_2023-05-25_06-32-32_2023-05-25_09-33-27,Motor,cropped_3528_f941fa55-21c6-4967-a53f-2498a55fc597.jpg.png,00000362145,00000362,0.2727272727272727,3.1006987000000663,00000362145,0.0,0.522006500000316,00000362745,0.09090909090909091,1.3216023000004498,OK,OK,OK
Apto_2023-05-25_07-32-41_2023-05-25_10-22-07,Chassi,cropped_3538_8e4cd15f-b954-4852-9ff9-34958deecedc.jpg.png,34504512664274,34566427404542,0.7142857142857143,3.1423358000001826,34504512664274,0.0,0.46685210000032384,34504512664274,0.0,1.375082100000327,OK,OK,OK
Apto_2023-05-25_07-32-41_2023-05-25_10-22-07,Motor,cropped_3538_23c01041-e37e-4066-ae7c-327dc56106de.jpg.png,34591510071938,OM356534521510071938,0.5,1.1440667000006215,0M35554591510071938,0.35714285714285715,0.4877451000002111,0M355564591510071938,0.42857142857142855,1.4348134000001664,OK,OK,OK
Apto_2023-05-25_10-02-32_2023-05-26_03-17-42,Chassi,cropped_3561_9fdd1a49-e16b-421c-9c67-f941da7e85f1.jpg.png,93ZE2HMH0D8923537,P3ZE2HNH0D8923537,0.11764705882352941,1.6745184999999765,93ZE2HMH0D8923537,0.0,0.3426300999999512,93ZE2HMH0D8923537,0.0,1.3910722000000533,OK,OK,OK
Apto_2023-05-25_10-02-32_2023-05-26_03-17-42,Motor,cropped_3561_95883cbc-92ab-4138-99ee-a3294249a6f6.jpg.png,F4AEE681F6061844,F4AEE63IF50618,0.3125,1.1874692999999752,,1.0,0.17756439999993745,E4AEB81F6061844,0.1875,1.3284735999995974,OK,OK,OK
Apto_2023-05-25_10-36-52_2023-05-25_12-06-25,Chassi,cropped_3570_d2def2a4-0c24-442e-9893-e85cd1143363.jpg.png,9BHBG51DAEP152971,9BHIBGSIDAEP15297,0.23529411764705882,2.201676700000462,9B1BC51DAEP152971,0.11764705882352941,0.34557760000006965,9BHBC51DAEP152971,0.058823529411764705,1.340756099999453,OK,OK,OK
Apto_2023-05-25_10-36-52_2023-05-25_12-06-25,Motor,cropped_3570_63a7de4f-40d2-466f-a681-22bf954c88dc.jpg.png,F4FADU099479,FAFA9476,0.5,3.1317329000003156,,1.0,0.4559009000004153,F4FADUNG9479,0.16666666666666666,1.3292231000004904,OK,OK,OK
Apto_2023-05-26_04-44-18_2023-05-26_05-49-49,Chassi,cropped_3619_48dda703-6645-4d81-92f9-8e7f5737f5bd.jpg.png,9ADB0902CDM362472,DADBO9OZCDM3624722012,0.47058823529411764,3.973311300000205,9ADB0902CDM362472X2012X,0.35294117647058826,0.6023361999996268,9ADB0902CDM3624722012,0.23529411764705882,1.4865790000003472,OK,OK,OK
Apto_2023-05-26_12-20-37_2023-05-29_06-13-19,Chassi,cropped_3726_86d58ba2-7221-4fd3-a923-1bfd44fbf0fa.jpg.png,9ADB0902CDM362472,9A0BO902C0M3624722012,0.4117647058823529,2.9521629999999277,9ADB0902CDM362472K2012X,0.35294117647058826,0.5108639000000039,9ADB0902CDM3624722012,0.23529411764705882,1.4705331999994087,OK,OK,OK
Apto_2023-05-26_12-44-51_2023-05-26_13-49-40,Chassi,cropped_3731_6f5ff13a-d461-4c82-a8be-02f5cf1a6f0c.jpg.png,30830212009136,3U890212009136REM,0.35714285714285715,1.120690800000375,30830212009136REM,0.21428571428571427,0.30404989999988175,30830212009136,0.0,1.251759900000252,OK,OK,OK
Apto_2023-05-26_12-44-51_2023-05-26_13-49-40,Motor,cropped_3731_5a604f9b-f355-4c97-91e7-6601f9bbbdba.jpg.png,34393210009333,0M3134393210009333,0.2857142857142857,2.7783707999997205,0M31434393210009333,0.35714285714285715,0.1754981999993106,0M31434393210009333,0.35714285714285715,1.454840399999739,OK,OK,OK
Apto_2023-05-26_13-04-03_2023-05-26_13-42-01,Chassi,cropped_3737_73520181-4d8a-4642-bbf1-7870005aa36e.jpg.png,98861110XJK163295,88861110X163295,0.17647058823529413,1.3126932000004672,18861110XK163295,0.11764705882352941,0.3097131000004083,38861110XK163295,0.11764705882352941,1.3535955000006652,OK,OK,OK
Apto_2023-05-26_13-04-03_2023-05-26_13-42-01,Motor,cropped_3737_cd47c7f0-cf40-4389-8f74-3784b04f6566.jpg.png,552771353257909,552771353257909,0.0,0.6984354000005624,552271353257909,0.06666666666666667,0.20960520000062388,272135257929,0.3333333333333333,1.2644038999997065,OK,OK,OK
Apto_2023-05-29_03-46-52_2023-05-29_05-17-11,Chassi,cropped_3769_b044a697-1c88-462c-9dc7-27f8a32733f9.jpg.png,9BD17141322113028,1BD744322443028,0.35294117647058826,5.401290600000721,38017141322113028,0.17647058823529413,0.5694097999994483,9BD17141322143020,0.11764705882352941,1.4194425999994564,OK,OK,OK
Apto_2023-05-29_03-46-52_2023-05-29_05-17-11,Motor,cropped_3769_fae4431e-230a-438d-9074-0bdf82a789ab.jpg.png,5182961,178060616296,1.2857142857142858,0.6998563999995895,06060110192961,1.2857142857142858,0.20740699999987555,,,2.787934099999802,OK,OK,"ResponseError: prediction aborted, token repeat limit reached (status code: 500)"
Apto_2023-05-29_06-24-57_2023-05-29_06-51-59,Chassi,cropped_3802_6b8cb7af-5e26-44cc-bbcb-fdb78caaeb7f.jpg.png,9BD37417DH5095479,9R03741708455095479,0.35294117647058826,2.244294899999659,98D37417015095479,0.17647058823529413,0.22841330000028393,9BD37417DH5095479,0.0,1.3825373999998192,OK,OK,OK
Apto_2023-05-29_06-24-57_2023-05-29_06-51-59,Motor,cropped_3802_1006b491-4d5f-46ab-98a6-a522bd98f049.jpg.png,370A00113077557,57DA00113072557,0.2,0.5337070999994467,70A001,0.6,0.24680329999955575,372A00113077557,0.06666666666666667,1.2891440000003058,OK,OK,OK
Apto_2023-05-29_09-49-15_2023-05-29_10-24-49,Chassi,cropped_3845_0ed7fffd-6406-4077-80ec-850a8e00ce25.jpg.png,8AJBA3CD2H1590549,8AJBA3CD2H1590549,0.0,2.1273102000004656,8A3BA3CD2H1590549,0.058823529411764705,0.33848720000059984,8AJBA3CD2H1590549,0.0,1.316993899999943,OK,OK,OK
Apto_2023-05-29_09-49-15_2023-05-29_10-24-49,Motor,cropped_3845_bf95731a-fdc8-430b-bf89-4f9d291f98f4.jpg.png,1GDG015495,1GD66015495,0.2,0.394426900000326,1GD6015495,0.1,0.1526309000000765,1GDG015495,0.0,1.1910892999994758,OK,OK,OK
Apto_2023-05-29_09-53-36_2023-05-29_11-51-35,Chassi,cropped_3846_c4eeab1a-533f-4eb4-9f75-2f6639e88aaa.jpg.png,9BFZZZ4ZSB721130,9BF2Z25425072112,0.5,3.4319536999992124,9377754796721130,0.5,0.13132540000060544,9BFZZ54ZS1721130,0.125,1.4019537000003766,OK,OK,OK
Apto_2023-05-29_09-53-36_2023-05-29_11-51-35,Motor,cropped_3846_19cadca0-c44a-4a3f-b984-6617a756d69e.jpg.png,USG065328,065328,0.3333333333333333,0.5008376999994653,166537,0.6666666666666666,0.1551670999997441,USC065318,0.2222222222222222,1.1464954000002763,OK,OK,OK
Apto_2023-05-29_11-34-00_2023-05-29_12-09-17,Chassi,cropped_3872_a420c8ec-c7a2-4090-8f70-edbbcc2eedc6.jpg.png,9BHBG41DAGP623974,984BG4DAGP62390,0.29411764705882354,2.2272555999998076,9BHBG41DAGP52397,0.11764705882352941,0.1598533000005773,9BHBG41DAGP623974,0.0,1.3888213999998698,OK,OK,OK
Apto_2023-05-29_11-34-00_2023-05-29_12-09-17,Motor,cropped_3872_02f401e7-f62f-4676-a293-80dce3bc7a65.jpg.png,F4FAGU144717,FAFA44717,0.3333333333333333,1.7426046999999016,F4FA924717,0.3333333333333333,0.4663808000004792,F4FA9114717,0.25,1.2898471999997128,OK,OK,OK
Apto_2023-05-30_04-27-06_2023-05-30_06-56-56,Chassi,cropped_3915_e83c88e8-da8b-4b02-b5f7-97e7222bffbd.jpg.png,9BRK3AAG0R0095957,9BPKZAACORO0959C,0.4117647058823529,2.8429495000000315,DBRKZAAGOROOODOD,0.5882352941176471,0.38448430000062217,9BRK3AAGOR0095957,0.058823529411764705,1.3606748000001971,OK,OK,OK
Apto_2023-05-30_04-27-06_2023-05-30_06-56-56,Motor,cropped_3915_b4f1b383-ab1a-47b6-b1b7-0dcbfd54a699.jpg.png,AC53961,AC53967020A,0.7142857142857143,1.0123309000000518,AC53967M20A,0.7142857142857143,0.32734570000047825,AC53961M20A,0.5714285714285714,1.2237150999999358,OK,OK,OK
